nyc_zone_id,nyc_tier,casa_zone_id,casa_zone_name,casa_ae_class,weight,rationale
236,A,2,Sidi Othmane,A,0.7508896797153025,NYC tier-A -> Casa tier-A (pop-share 75.09%)
236,A,14,Sidi Belyout,A,0.2491103202846975,NYC tier-A -> Casa tier-A (pop-share 24.91%)
237,A,2,Sidi Othmane,A,0.7508896797153025,NYC tier-A -> Casa tier-A (pop-share 75.09%)
237,A,14,Sidi Belyout,A,0.2491103202846975,NYC tier-A -> Casa tier-A (pop-share 24.91%)
161,A,2,Sidi Othmane,A,0.7508896797153025,NYC tier-A -> Casa tier-A (pop-share 75.09%)
161,A,14,Sidi Belyout,A,0.2491103202846975,NYC tier-A -> Casa tier-A (pop-share 24.91%)
162,A,2,Sidi Othmane,A,0.7508896797153025,NYC tier-A -> Casa tier-A (pop-share 75.09%)
162,A,14,Sidi Belyout,A,0.2491103202846975,NYC tier-A -> Casa tier-A (pop-share 24.91%)
230,A,2,Sidi Othmane,A,0.7508896797153025,NYC tier-A -> Casa tier-A (pop-share 75.09%)
230,A,14,Sidi Belyout,A,0.2491103202846975,NYC tier-A -> Casa tier-A (pop-share 24.91%)
142,A,2,Sidi Othmane,A,0.7508896797153025,NYC tier-A -> Casa tier-A (pop-share 75.09%)
142,A,14,Sidi Belyout,A,0.2491103202846975,NYC tier-A -> Casa tier-A (pop-share 24.91%)
170,A,2,Sidi Othmane,A,0.7508896797153025,NYC tier-A -> Casa tier-A (pop-share 75.09%)
170,A,14,Sidi Belyout,A,0.2491103202846975,NYC tier-A -> Casa tier-A (pop-share 24.91%)
132,A,2,Sidi Othmane,A,0.7508896797153025,NYC tier-A -> Casa tier-A (pop-share 75.09%)
132,A,14,Sidi Belyout,A,0.2491103202846975,NYC tier-A -> Casa tier-A (pop-share 24.91%)
186,A,2,Sidi Othmane,A,0.7508896797153025,NYC tier-A -> Casa tier-A (pop-share 75.09%)
186,A,14,Sidi Belyout,A,0.2491103202846975,NYC tier-A -> Casa tier-A (pop-share 24.91%)
239,A,2,Sidi Othmane,A,0.7508896797153025,NYC tier-A -> Casa tier-A (pop-share 75.09%)
239,A,14,Sidi Belyout,A,0.2491103202846975,NYC tier-A -> Casa tier-A (pop-share 24.91%)
141,A,2,Sidi Othmane,A,0.7508896797153025,NYC tier-A -> Casa tier-A (pop-share 75.09%)
141,A,14,Sidi Belyout,A,0.2491103202846975,NYC tier-A -> Casa tier-A (pop-share 24.91%)
163,A,2,Sidi Othmane,A,0.7508896797153025,NYC tier-A -> Casa tier-A (pop-share 75.09%)
163,A,14,Sidi Belyout,A,0.2491103202846975,NYC tier-A -> Casa tier-A (pop-share 24.91%)
48,A,2,Sidi Othmane,A,0.7508896797153025,NYC tier-A -> Casa tier-A (pop-share 75.09%)
48,A,14,Sidi Belyout,A,0.2491103202846975,NYC tier-A -> Casa tier-A (pop-share 24.91%)
234,A,2,Sidi Othmane,A,0.7508896797153025,NYC tier-A -> Casa tier-A (pop-share 75.09%)
234,A,14,Sidi Belyout,A,0.2491103202846975,NYC tier-A -> Casa tier-A (pop-share 24.91%)
68,A,2,Sidi Othmane,A,0.7508896797153025,NYC tier-A -> Casa tier-A (pop-share 75.09%)
68,A,14,Sidi Belyout,A,0.2491103202846975,NYC tier-A -> Casa tier-A (pop-share 24.91%)
79,A,2,Sidi Othmane,A,0.7508896797153025,NYC tier-A -> Casa tier-A (pop-share 75.09%)
79,A,14,Sidi Belyout,A,0.2491103202846975,NYC tier-A -> Casa tier-A (pop-share 24.91%)
238,A,2,Sidi Othmane,A,0.7508896797153025,NYC tier-A -> Casa tier-A (pop-share 75.09%)
238,A,14,Sidi Belyout,A,0.2491103202846975,NYC tier-A -> Casa tier-A (pop-share 24.91%)
164,A,2,Sidi Othmane,A,0.7508896797153025,NYC tier-A -> Casa tier-A (pop-share 75.09%)
164,A,14,Sidi Belyout,A,0.2491103202846975,NYC tier-A -> Casa tier-A (pop-share 24.91%)
263,A,2,Sidi Othmane,A,0.7508896797153025,NYC tier-A -> Casa tier-A (pop-share 75.09%)
263,A,14,Sidi Belyout,A,0.2491103202846975,NYC tier-A -> Casa tier-A (pop-share 24.91%)
140,A,2,Sidi Othmane,A,0.7508896797153025,NYC tier-A -> Casa tier-A (pop-share 75.09%)
140,A,14,Sidi Belyout,A,0.2491103202846975,NYC tier-A -> Casa tier-A (pop-share 24.91%)
229,A,2,Sidi Othmane,A,0.7508896797153025,NYC tier-A -> Casa tier-A (pop-share 75.09%)
229,A,14,Sidi Belyout,A,0.2491103202846975,NYC tier-A -> Casa tier-A (pop-share 24.91%)
107,B,3,Sidi Moumen,B,0.3333333333333333,NYC tier-B -> Casa tier-B (pop-share 33.33%)
107,B,4,Hay Hassani,B,0.3018867924528302,NYC tier-B -> Casa tier-B (pop-share 30.19%)
107,B,8,Maarif,B,0.1949685534591195,NYC tier-B -> Casa tier-B (pop-share 19.50%)
107,B,9,Al Fida,B,0.16981132075471697,NYC tier-B -> Casa tier-B (pop-share 16.98%)
138,B,3,Sidi Moumen,B,0.3333333333333333,NYC tier-B -> Casa tier-B (pop-share 33.33%)
138,B,4,Hay Hassani,B,0.3018867924528302,NYC tier-B -> Casa tier-B (pop-share 30.19%)
138,B,8,Maarif,B,0.1949685534591195,NYC tier-B -> Casa tier-B (pop-share 19.50%)
138,B,9,Al Fida,B,0.16981132075471697,NYC tier-B -> Casa tier-B (pop-share 16.98%)
249,B,3,Sidi Moumen,B,0.3333333333333333,NYC tier-B -> Casa tier-B (pop-share 33.33%)
249,B,4,Hay Hassani,B,0.3018867924528302,NYC tier-B -> Casa tier-B (pop-share 30.19%)
249,B,8,Maarif,B,0.1949685534591195,NYC tier-B -> Casa tier-B (pop-share 19.50%)
249,B,9,Al Fida,B,0.16981132075471697,NYC tier-B -> Casa tier-B (pop-share 16.98%)
246,B,3,Sidi Moumen,B,0.3333333333333333,NYC tier-B -> Casa tier-B (pop-share 33.33%)
246,B,4,Hay Hassani,B,0.3018867924528302,NYC tier-B -> Casa tier-B (pop-share 30.19%)
246,B,8,Maarif,B,0.1949685534591195,NYC tier-B -> Casa tier-B (pop-share 19.50%)
246,B,9,Al Fida,B,0.16981132075471697,NYC tier-B -> Casa tier-B (pop-share 16.98%)
90,B,3,Sidi Moumen,B,0.3333333333333333,NYC tier-B -> Casa tier-B (pop-share 33.33%)
90,B,4,Hay Hassani,B,0.3018867924528302,NYC tier-B -> Casa tier-B (pop-share 30.19%)
90,B,8,Maarif,B,0.1949685534591195,NYC tier-B -> Casa tier-B (pop-share 19.50%)
90,B,9,Al Fida,B,0.16981132075471697,NYC tier-B -> Casa tier-B (pop-share 16.98%)
100,B,3,Sidi Moumen,B,0.3333333333333333,NYC tier-B -> Casa tier-B (pop-share 33.33%)
100,B,4,Hay Hassani,B,0.3018867924528302,NYC tier-B -> Casa tier-B (pop-share 30.19%)
100,B,8,Maarif,B,0.1949685534591195,NYC tier-B -> Casa tier-B (pop-share 19.50%)
100,B,9,Al Fida,B,0.16981132075471697,NYC tier-B -> Casa tier-B (pop-share 16.98%)
262,B,3,Sidi Moumen,B,0.3333333333333333,NYC tier-B -> Casa tier-B (pop-share 33.33%)
262,B,4,Hay Hassani,B,0.3018867924528302,NYC tier-B -> Casa tier-B (pop-share 30.19%)
262,B,8,Maarif,B,0.1949685534591195,NYC tier-B -> Casa tier-B (pop-share 19.50%)
262,B,9,Al Fida,B,0.16981132075471697,NYC tier-B -> Casa tier-B (pop-share 16.98%)
233,B,3,Sidi Moumen,B,0.3333333333333333,NYC tier-B -> Casa tier-B (pop-share 33.33%)
233,B,4,Hay Hassani,B,0.3018867924528302,NYC tier-B -> Casa tier-B (pop-share 30.19%)
233,B,8,Maarif,B,0.1949685534591195,NYC tier-B -> Casa tier-B (pop-share 19.50%)
233,B,9,Al Fida,B,0.16981132075471697,NYC tier-B -> Casa tier-B (pop-share 16.98%)
231,B,3,Sidi Moumen,B,0.3333333333333333,NYC tier-B -> Casa tier-B (pop-share 33.33%)
231,B,4,Hay Hassani,B,0.3018867924528302,NYC tier-B -> Casa tier-B (pop-share 30.19%)
231,B,8,Maarif,B,0.1949685534591195,NYC tier-B -> Casa tier-B (pop-share 19.50%)
231,B,9,Al Fida,B,0.16981132075471697,NYC tier-B -> Casa tier-B (pop-share 16.98%)
43,B,3,Sidi Moumen,B,0.3333333333333333,NYC tier-B -> Casa tier-B (pop-share 33.33%)
43,B,4,Hay Hassani,B,0.3018867924528302,NYC tier-B -> Casa tier-B (pop-share 30.19%)
43,B,8,Maarif,B,0.1949685534591195,NYC tier-B -> Casa tier-B (pop-share 19.50%)
43,B,9,Al Fida,B,0.16981132075471697,NYC tier-B -> Casa tier-B (pop-share 16.98%)
113,B,3,Sidi Moumen,B,0.3333333333333333,NYC tier-B -> Casa tier-B (pop-share 33.33%)
113,B,4,Hay Hassani,B,0.3018867924528302,NYC tier-B -> Casa tier-B (pop-share 30.19%)
113,B,8,Maarif,B,0.1949685534591195,NYC tier-B -> Casa tier-B (pop-share 19.50%)
113,B,9,Al Fida,B,0.16981132075471697,NYC tier-B -> Casa tier-B (pop-share 16.98%)
143,B,3,Sidi Moumen,B,0.3333333333333333,NYC tier-B -> Casa tier-B (pop-share 33.33%)
143,B,4,Hay Hassani,B,0.3018867924528302,NYC tier-B -> Casa tier-B (pop-share 30.19%)
143,B,8,Maarif,B,0.1949685534591195,NYC tier-B -> Casa tier-B (pop-share 19.50%)
143,B,9,Al Fida,B,0.16981132075471697,NYC tier-B -> Casa tier-B (pop-share 16.98%)
137,B,3,Sidi Moumen,B,0.3333333333333333,NYC tier-B -> Casa tier-B (pop-share 33.33%)
137,B,4,Hay Hassani,B,0.3018867924528302,NYC tier-B -> Casa tier-B (pop-share 30.19%)
137,B,8,Maarif,B,0.1949685534591195,NYC tier-B -> Casa tier-B (pop-share 19.50%)
137,B,9,Al Fida,B,0.16981132075471697,NYC tier-B -> Casa tier-B (pop-share 16.98%)
114,B,3,Sidi Moumen,B,0.3333333333333333,NYC tier-B -> Casa tier-B (pop-share 33.33%)
114,B,4,Hay Hassani,B,0.3018867924528302,NYC tier-B -> Casa tier-B (pop-share 30.19%)
114,B,8,Maarif,B,0.1949685534591195,NYC tier-B -> Casa tier-B (pop-share 19.50%)
114,B,9,Al Fida,B,0.16981132075471697,NYC tier-B -> Casa tier-B (pop-share 16.98%)
148,B,3,Sidi Moumen,B,0.3333333333333333,NYC tier-B -> Casa tier-B (pop-share 33.33%)
148,B,4,Hay Hassani,B,0.3018867924528302,NYC tier-B -> Casa tier-B (pop-share 30.19%)
148,B,8,Maarif,B,0.1949685534591195,NYC tier-B -> Casa tier-B (pop-share 19.50%)
148,B,9,Al Fida,B,0.16981132075471697,NYC tier-B -> Casa tier-B (pop-share 16.98%)
75,B,3,Sidi Moumen,B,0.3333333333333333,NYC tier-B -> Casa tier-B (pop-share 33.33%)
75,B,4,Hay Hassani,B,0.3018867924528302,NYC tier-B -> Casa tier-B (pop-share 30.19%)
75,B,8,Maarif,B,0.1949685534591195,NYC tier-B -> Casa tier-B (pop-share 19.50%)
75,B,9,Al Fida,B,0.16981132075471697,NYC tier-B -> Casa tier-B (pop-share 16.98%)
158,B,3,Sidi Moumen,B,0.3333333333333333,NYC tier-B -> Casa tier-B (pop-share 33.33%)
158,B,4,Hay Hassani,B,0.3018867924528302,NYC tier-B -> Casa tier-B (pop-share 30.19%)
158,B,8,Maarif,B,0.1949685534591195,NYC tier-B -> Casa tier-B (pop-share 19.50%)
158,B,9,Al Fida,B,0.16981132075471697,NYC tier-B -> Casa tier-B (pop-share 16.98%)
151,B,3,Sidi Moumen,B,0.3333333333333333,NYC tier-B -> Casa tier-B (pop-share 33.33%)
151,B,4,Hay Hassani,B,0.3018867924528302,NYC tier-B -> Casa tier-B (pop-share 30.19%)
151,B,8,Maarif,B,0.1949685534591195,NYC tier-B -> Casa tier-B (pop-share 19.50%)
151,B,9,Al Fida,B,0.16981132075471697,NYC tier-B -> Casa tier-B (pop-share 16.98%)
144,B,3,Sidi Moumen,B,0.3333333333333333,NYC tier-B -> Casa tier-B (pop-share 33.33%)
144,B,4,Hay Hassani,B,0.3018867924528302,NYC tier-B -> Casa tier-B (pop-share 30.19%)
144,B,8,Maarif,B,0.1949685534591195,NYC tier-B -> Casa tier-B (pop-share 19.50%)
144,B,9,Al Fida,B,0.16981132075471697,NYC tier-B -> Casa tier-B (pop-share 16.98%)
50,B,3,Sidi Moumen,B,0.3333333333333333,NYC tier-B -> Casa tier-B (pop-share 33.33%)
50,B,4,Hay Hassani,B,0.3018867924528302,NYC tier-B -> Casa tier-B (pop-share 30.19%)
50,B,8,Maarif,B,0.1949685534591195,NYC tier-B -> Casa tier-B (pop-share 19.50%)
50,B,9,Al Fida,B,0.16981132075471697,NYC tier-B -> Casa tier-B (pop-share 16.98%)
211,B,3,Sidi Moumen,B,0.3333333333333333,NYC tier-B -> Casa tier-B (pop-share 33.33%)
211,B,4,Hay Hassani,B,0.3018867924528302,NYC tier-B -> Casa tier-B (pop-share 30.19%)
211,B,8,Maarif,B,0.1949685534591195,NYC tier-B -> Casa tier-B (pop-share 19.50%)
211,B,9,Al Fida,B,0.16981132075471697,NYC tier-B -> Casa tier-B (pop-share 16.98%)
13,B,3,Sidi Moumen,B,0.3333333333333333,NYC tier-B -> Casa tier-B (pop-share 33.33%)
13,B,4,Hay Hassani,B,0.3018867924528302,NYC tier-B -> Casa tier-B (pop-share 30.19%)
13,B,8,Maarif,B,0.1949685534591195,NYC tier-B -> Casa tier-B (pop-share 19.50%)
13,B,9,Al Fida,B,0.16981132075471697,NYC tier-B -> Casa tier-B (pop-share 16.98%)
166,B,3,Sidi Moumen,B,0.3333333333333333,NYC tier-B -> Casa tier-B (pop-share 33.33%)
166,B,4,Hay Hassani,B,0.3018867924528302,NYC tier-B -> Casa tier-B (pop-share 30.19%)
166,B,8,Maarif,B,0.1949685534591195,NYC tier-B -> Casa tier-B (pop-share 19.50%)
166,B,9,Al Fida,B,0.16981132075471697,NYC tier-B -> Casa tier-B (pop-share 16.98%)
87,B,3,Sidi Moumen,B,0.3333333333333333,NYC tier-B -> Casa tier-B (pop-share 33.33%)
87,B,4,Hay Hassani,B,0.3018867924528302,NYC tier-B -> Casa tier-B (pop-share 30.19%)
87,B,8,Maarif,B,0.1949685534591195,NYC tier-B -> Casa tier-B (pop-share 19.50%)
87,B,9,Al Fida,B,0.16981132075471697,NYC tier-B -> Casa tier-B (pop-share 16.98%)
125,B,3,Sidi Moumen,B,0.3333333333333333,NYC tier-B -> Casa tier-B (pop-share 33.33%)
125,B,4,Hay Hassani,B,0.3018867924528302,NYC tier-B -> Casa tier-B (pop-share 30.19%)
125,B,8,Maarif,B,0.1949685534591195,NYC tier-B -> Casa tier-B (pop-share 19.50%)
125,B,9,Al Fida,B,0.16981132075471697,NYC tier-B -> Casa tier-B (pop-share 16.98%)
74,B,3,Sidi Moumen,B,0.3333333333333333,NYC tier-B -> Casa tier-B (pop-share 33.33%)
74,B,4,Hay Hassani,B,0.3018867924528302,NYC tier-B -> Casa tier-B (pop-share 30.19%)
74,B,8,Maarif,B,0.1949685534591195,NYC tier-B -> Casa tier-B (pop-share 19.50%)
74,B,9,Al Fida,B,0.16981132075471697,NYC tier-B -> Casa tier-B (pop-share 16.98%)
261,B,3,Sidi Moumen,B,0.3333333333333333,NYC tier-B -> Casa tier-B (pop-share 33.33%)
261,B,4,Hay Hassani,B,0.3018867924528302,NYC tier-B -> Casa tier-B (pop-share 30.19%)
261,B,8,Maarif,B,0.1949685534591195,NYC tier-B -> Casa tier-B (pop-share 19.50%)
261,B,9,Al Fida,B,0.16981132075471697,NYC tier-B -> Casa tier-B (pop-share 16.98%)
41,B,3,Sidi Moumen,B,0.3333333333333333,NYC tier-B -> Casa tier-B (pop-share 33.33%)
41,B,4,Hay Hassani,B,0.3018867924528302,NYC tier-B -> Casa tier-B (pop-share 30.19%)
41,B,8,Maarif,B,0.1949685534591195,NYC tier-B -> Casa tier-B (pop-share 19.50%)
41,B,9,Al Fida,B,0.16981132075471697,NYC tier-B -> Casa tier-B (pop-share 16.98%)
24,B,3,Sidi Moumen,B,0.3333333333333333,NYC tier-B -> Casa tier-B (pop-share 33.33%)
24,B,4,Hay Hassani,B,0.3018867924528302,NYC tier-B -> Casa tier-B (pop-share 30.19%)
24,B,8,Maarif,B,0.1949685534591195,NYC tier-B -> Casa tier-B (pop-share 19.50%)
24,B,9,Al Fida,B,0.16981132075471697,NYC tier-B -> Casa tier-B (pop-share 16.98%)
88,B,3,Sidi Moumen,B,0.3333333333333333,NYC tier-B -> Casa tier-B (pop-share 33.33%)
88,B,4,Hay Hassani,B,0.3018867924528302,NYC tier-B -> Casa tier-B (pop-share 30.19%)
88,B,8,Maarif,B,0.1949685534591195,NYC tier-B -> Casa tier-B (pop-share 19.50%)
88,B,9,Al Fida,B,0.16981132075471697,NYC tier-B -> Casa tier-B (pop-share 16.98%)
232,B,3,Sidi Moumen,B,0.3333333333333333,NYC tier-B -> Casa tier-B (pop-share 33.33%)
232,B,4,Hay Hassani,B,0.3018867924528302,NYC tier-B -> Casa tier-B (pop-share 30.19%)
232,B,8,Maarif,B,0.1949685534591195,NYC tier-B -> Casa tier-B (pop-share 19.50%)
232,B,9,Al Fida,B,0.16981132075471697,NYC tier-B -> Casa tier-B (pop-share 16.98%)
224,B,3,Sidi Moumen,B,0.3333333333333333,NYC tier-B -> Casa tier-B (pop-share 33.33%)
224,B,4,Hay Hassani,B,0.3018867924528302,NYC tier-B -> Casa tier-B (pop-share 30.19%)
224,B,8,Maarif,B,0.1949685534591195,NYC tier-B -> Casa tier-B (pop-share 19.50%)
224,B,9,Al Fida,B,0.16981132075471697,NYC tier-B -> Casa tier-B (pop-share 16.98%)
4,B,3,Sidi Moumen,B,0.3333333333333333,NYC tier-B -> Casa tier-B (pop-share 33.33%)
4,B,4,Hay Hassani,B,0.3018867924528302,NYC tier-B -> Casa tier-B (pop-share 30.19%)
4,B,8,Maarif,B,0.1949685534591195,NYC tier-B -> Casa tier-B (pop-share 19.50%)
4,B,9,Al Fida,B,0.16981132075471697,NYC tier-B -> Casa tier-B (pop-share 16.98%)
70,B,3,Sidi Moumen,B,0.3333333333333333,NYC tier-B -> Casa tier-B (pop-share 33.33%)
70,B,4,Hay Hassani,B,0.3018867924528302,NYC tier-B -> Casa tier-B (pop-share 30.19%)
70,B,8,Maarif,B,0.1949685534591195,NYC tier-B -> Casa tier-B (pop-share 19.50%)
70,B,9,Al Fida,B,0.16981132075471697,NYC tier-B -> Casa tier-B (pop-share 16.98%)
42,B,3,Sidi Moumen,B,0.3333333333333333,NYC tier-B -> Casa tier-B (pop-share 33.33%)
42,B,4,Hay Hassani,B,0.3018867924528302,NYC tier-B -> Casa tier-B (pop-share 30.19%)
42,B,8,Maarif,B,0.1949685534591195,NYC tier-B -> Casa tier-B (pop-share 19.50%)
42,B,9,Al Fida,B,0.16981132075471697,NYC tier-B -> Casa tier-B (pop-share 16.98%)
209,B,3,Sidi Moumen,B,0.3333333333333333,NYC tier-B -> Casa tier-B (pop-share 33.33%)
209,B,4,Hay Hassani,B,0.3018867924528302,NYC tier-B -> Casa tier-B (pop-share 30.19%)
209,B,8,Maarif,B,0.1949685534591195,NYC tier-B -> Casa tier-B (pop-share 19.50%)
209,B,9,Al Fida,B,0.16981132075471697,NYC tier-B -> Casa tier-B (pop-share 16.98%)
45,B,3,Sidi Moumen,B,0.3333333333333333,NYC tier-B -> Casa tier-B (pop-share 33.33%)
45,B,4,Hay Hassani,B,0.3018867924528302,NYC tier-B -> Casa tier-B (pop-share 30.19%)
45,B,8,Maarif,B,0.1949685534591195,NYC tier-B -> Casa tier-B (pop-share 19.50%)
45,B,9,Al Fida,B,0.16981132075471697,NYC tier-B -> Casa tier-B (pop-share 16.98%)
244,B,3,Sidi Moumen,B,0.3333333333333333,NYC tier-B -> Casa tier-B (pop-share 33.33%)
244,B,4,Hay Hassani,B,0.3018867924528302,NYC tier-B -> Casa tier-B (pop-share 30.19%)
244,B,8,Maarif,B,0.1949685534591195,NYC tier-B -> Casa tier-B (pop-share 19.50%)
244,B,9,Al Fida,B,0.16981132075471697,NYC tier-B -> Casa tier-B (pop-share 16.98%)
7,B,3,Sidi Moumen,B,0.3333333333333333,NYC tier-B -> Casa tier-B (pop-share 33.33%)
7,B,4,Hay Hassani,B,0.3018867924528302,NYC tier-B -> Casa tier-B (pop-share 30.19%)
7,B,8,Maarif,B,0.1949685534591195,NYC tier-B -> Casa tier-B (pop-share 19.50%)
7,B,9,Al Fida,B,0.16981132075471697,NYC tier-B -> Casa tier-B (pop-share 16.98%)
116,B,3,Sidi Moumen,B,0.3333333333333333,NYC tier-B -> Casa tier-B (pop-share 33.33%)
116,B,4,Hay Hassani,B,0.3018867924528302,NYC tier-B -> Casa tier-B (pop-share 30.19%)
116,B,8,Maarif,B,0.1949685534591195,NYC tier-B -> Casa tier-B (pop-share 19.50%)
116,B,9,Al Fida,B,0.16981132075471697,NYC tier-B -> Casa tier-B (pop-share 16.98%)
145,B,3,Sidi Moumen,B,0.3333333333333333,NYC tier-B -> Casa tier-B (pop-share 33.33%)
145,B,4,Hay Hassani,B,0.3018867924528302,NYC tier-B -> Casa tier-B (pop-share 30.19%)
145,B,8,Maarif,B,0.1949685534591195,NYC tier-B -> Casa tier-B (pop-share 19.50%)
145,B,9,Al Fida,B,0.16981132075471697,NYC tier-B -> Casa tier-B (pop-share 16.98%)
255,B,3,Sidi Moumen,B,0.3333333333333333,NYC tier-B -> Casa tier-B (pop-share 33.33%)
255,B,4,Hay Hassani,B,0.3018867924528302,NYC tier-B -> Casa tier-B (pop-share 30.19%)
255,B,8,Maarif,B,0.1949685534591195,NYC tier-B -> Casa tier-B (pop-share 19.50%)
255,B,9,Al Fida,B,0.16981132075471697,NYC tier-B -> Casa tier-B (pop-share 16.98%)
33,B,3,Sidi Moumen,B,0.3333333333333333,NYC tier-B -> Casa tier-B (pop-share 33.33%)
33,B,4,Hay Hassani,B,0.3018867924528302,NYC tier-B -> Casa tier-B (pop-share 30.19%)
33,B,8,Maarif,B,0.1949685534591195,NYC tier-B -> Casa tier-B (pop-share 19.50%)
33,B,9,Al Fida,B,0.16981132075471697,NYC tier-B -> Casa tier-B (pop-share 16.98%)
181,B,3,Sidi Moumen,B,0.3333333333333333,NYC tier-B -> Casa tier-B (pop-share 33.33%)
181,B,4,Hay Hassani,B,0.3018867924528302,NYC tier-B -> Casa tier-B (pop-share 30.19%)
181,B,8,Maarif,B,0.1949685534591195,NYC tier-B -> Casa tier-B (pop-share 19.50%)
181,B,9,Al Fida,B,0.16981132075471697,NYC tier-B -> Casa tier-B (pop-share 16.98%)
1,B,3,Sidi Moumen,B,0.3333333333333333,NYC tier-B -> Casa tier-B (pop-share 33.33%)
1,B,4,Hay Hassani,B,0.3018867924528302,NYC tier-B -> Casa tier-B (pop-share 30.19%)
1,B,8,Maarif,B,0.1949685534591195,NYC tier-B -> Casa tier-B (pop-share 19.50%)
1,B,9,Al Fida,B,0.16981132075471697,NYC tier-B -> Casa tier-B (pop-share 16.98%)
226,B,3,Sidi Moumen,B,0.3333333333333333,NYC tier-B -> Casa tier-B (pop-share 33.33%)
226,B,4,Hay Hassani,B,0.3018867924528302,NYC tier-B -> Casa tier-B (pop-share 30.19%)
226,B,8,Maarif,B,0.1949685534591195,NYC tier-B -> Casa tier-B (pop-share 19.50%)
226,B,9,Al Fida,B,0.16981132075471697,NYC tier-B -> Casa tier-B (pop-share 16.98%)
256,B,3,Sidi Moumen,B,0.3333333333333333,NYC tier-B -> Casa tier-B (pop-share 33.33%)
256,B,4,Hay Hassani,B,0.3018867924528302,NYC tier-B -> Casa tier-B (pop-share 30.19%)
256,B,8,Maarif,B,0.1949685534591195,NYC tier-B -> Casa tier-B (pop-share 19.50%)
256,B,9,Al Fida,B,0.16981132075471697,NYC tier-B -> Casa tier-B (pop-share 16.98%)
112,B,3,Sidi Moumen,B,0.3333333333333333,NYC tier-B -> Casa tier-B (pop-share 33.33%)
112,B,4,Hay Hassani,B,0.3018867924528302,NYC tier-B -> Casa tier-B (pop-share 30.19%)
112,B,8,Maarif,B,0.1949685534591195,NYC tier-B -> Casa tier-B (pop-share 19.50%)
112,B,9,Al Fida,B,0.16981132075471697,NYC tier-B -> Casa tier-B (pop-share 16.98%)
152,B,3,Sidi Moumen,B,0.3333333333333333,NYC tier-B -> Casa tier-B (pop-share 33.33%)
152,B,4,Hay Hassani,B,0.3018867924528302,NYC tier-B -> Casa tier-B (pop-share 30.19%)
152,B,8,Maarif,B,0.1949685534591195,NYC tier-B -> Casa tier-B (pop-share 19.50%)
152,B,9,Al Fida,B,0.16981132075471697,NYC tier-B -> Casa tier-B (pop-share 16.98%)
243,B,3,Sidi Moumen,B,0.3333333333333333,NYC tier-B -> Casa tier-B (pop-share 33.33%)
243,B,4,Hay Hassani,B,0.3018867924528302,NYC tier-B -> Casa tier-B (pop-share 30.19%)
243,B,8,Maarif,B,0.1949685534591195,NYC tier-B -> Casa tier-B (pop-share 19.50%)
243,B,9,Al Fida,B,0.16981132075471697,NYC tier-B -> Casa tier-B (pop-share 16.98%)
25,B,3,Sidi Moumen,B,0.3333333333333333,NYC tier-B -> Casa tier-B (pop-share 33.33%)
25,B,4,Hay Hassani,B,0.3018867924528302,NYC tier-B -> Casa tier-B (pop-share 30.19%)
25,B,8,Maarif,B,0.1949685534591195,NYC tier-B -> Casa tier-B (pop-share 19.50%)
25,B,9,Al Fida,B,0.16981132075471697,NYC tier-B -> Casa tier-B (pop-share 16.98%)
65,B,3,Sidi Moumen,B,0.3333333333333333,NYC tier-B -> Casa tier-B (pop-share 33.33%)
65,B,4,Hay Hassani,B,0.3018867924528302,NYC tier-B -> Casa tier-B (pop-share 30.19%)
65,B,8,Maarif,B,0.1949685534591195,NYC tier-B -> Casa tier-B (pop-share 19.50%)
65,B,9,Al Fida,B,0.16981132075471697,NYC tier-B -> Casa tier-B (pop-share 16.98%)
97,B,3,Sidi Moumen,B,0.3333333333333333,NYC tier-B -> Casa tier-B (pop-share 33.33%)
97,B,4,Hay Hassani,B,0.3018867924528302,NYC tier-B -> Casa tier-B (pop-share 30.19%)
97,B,8,Maarif,B,0.1949685534591195,NYC tier-B -> Casa tier-B (pop-share 19.50%)
97,B,9,Al Fida,B,0.16981132075471697,NYC tier-B -> Casa tier-B (pop-share 16.98%)
61,B,3,Sidi Moumen,B,0.3333333333333333,NYC tier-B -> Casa tier-B (pop-share 33.33%)
61,B,4,Hay Hassani,B,0.3018867924528302,NYC tier-B -> Casa tier-B (pop-share 30.19%)
61,B,8,Maarif,B,0.1949685534591195,NYC tier-B -> Casa tier-B (pop-share 19.50%)
61,B,9,Al Fida,B,0.16981132075471697,NYC tier-B -> Casa tier-B (pop-share 16.98%)
223,B,3,Sidi Moumen,B,0.3333333333333333,NYC tier-B -> Casa tier-B (pop-share 33.33%)
223,B,4,Hay Hassani,B,0.3018867924528302,NYC tier-B -> Casa tier-B (pop-share 30.19%)
223,B,8,Maarif,B,0.1949685534591195,NYC tier-B -> Casa tier-B (pop-share 19.50%)
223,B,9,Al Fida,B,0.16981132075471697,NYC tier-B -> Casa tier-B (pop-share 16.98%)
129,B,3,Sidi Moumen,B,0.3333333333333333,NYC tier-B -> Casa tier-B (pop-share 33.33%)
129,B,4,Hay Hassani,B,0.3018867924528302,NYC tier-B -> Casa tier-B (pop-share 30.19%)
129,B,8,Maarif,B,0.1949685534591195,NYC tier-B -> Casa tier-B (pop-share 19.50%)
129,B,9,Al Fida,B,0.16981132075471697,NYC tier-B -> Casa tier-B (pop-share 16.98%)
49,B,3,Sidi Moumen,B,0.3333333333333333,NYC tier-B -> Casa tier-B (pop-share 33.33%)
49,B,4,Hay Hassani,B,0.3018867924528302,NYC tier-B -> Casa tier-B (pop-share 30.19%)
49,B,8,Maarif,B,0.1949685534591195,NYC tier-B -> Casa tier-B (pop-share 19.50%)
49,B,9,Al Fida,B,0.16981132075471697,NYC tier-B -> Casa tier-B (pop-share 16.98%)
80,B,3,Sidi Moumen,B,0.3333333333333333,NYC tier-B -> Casa tier-B (pop-share 33.33%)
80,B,4,Hay Hassani,B,0.3018867924528302,NYC tier-B -> Casa tier-B (pop-share 30.19%)
80,B,8,Maarif,B,0.1949685534591195,NYC tier-B -> Casa tier-B (pop-share 19.50%)
80,B,9,Al Fida,B,0.16981132075471697,NYC tier-B -> Casa tier-B (pop-share 16.98%)
66,B,3,Sidi Moumen,B,0.3333333333333333,NYC tier-B -> Casa tier-B (pop-share 33.33%)
66,B,4,Hay Hassani,B,0.3018867924528302,NYC tier-B -> Casa tier-B (pop-share 30.19%)
66,B,8,Maarif,B,0.1949685534591195,NYC tier-B -> Casa tier-B (pop-share 19.50%)
66,B,9,Al Fida,B,0.16981132075471697,NYC tier-B -> Casa tier-B (pop-share 16.98%)
10,B,3,Sidi Moumen,B,0.3333333333333333,NYC tier-B -> Casa tier-B (pop-share 33.33%)
10,B,4,Hay Hassani,B,0.3018867924528302,NYC tier-B -> Casa tier-B (pop-share 30.19%)
10,B,8,Maarif,B,0.1949685534591195,NYC tier-B -> Casa tier-B (pop-share 19.50%)
10,B,9,Al Fida,B,0.16981132075471697,NYC tier-B -> Casa tier-B (pop-share 16.98%)
95,B,3,Sidi Moumen,B,0.3333333333333333,NYC tier-B -> Casa tier-B (pop-share 33.33%)
95,B,4,Hay Hassani,B,0.3018867924528302,NYC tier-B -> Casa tier-B (pop-share 30.19%)
95,B,8,Maarif,B,0.1949685534591195,NYC tier-B -> Casa tier-B (pop-share 19.50%)
95,B,9,Al Fida,B,0.16981132075471697,NYC tier-B -> Casa tier-B (pop-share 16.98%)
146,B,3,Sidi Moumen,B,0.3333333333333333,NYC tier-B -> Casa tier-B (pop-share 33.33%)
146,B,4,Hay Hassani,B,0.3018867924528302,NYC tier-B -> Casa tier-B (pop-share 30.19%)
146,B,8,Maarif,B,0.1949685534591195,NYC tier-B -> Casa tier-B (pop-share 19.50%)
146,B,9,Al Fida,B,0.16981132075471697,NYC tier-B -> Casa tier-B (pop-share 16.98%)
179,B,3,Sidi Moumen,B,0.3333333333333333,NYC tier-B -> Casa tier-B (pop-share 33.33%)
179,B,4,Hay Hassani,B,0.3018867924528302,NYC tier-B -> Casa tier-B (pop-share 30.19%)
179,B,8,Maarif,B,0.1949685534591195,NYC tier-B -> Casa tier-B (pop-share 19.50%)
179,B,9,Al Fida,B,0.16981132075471697,NYC tier-B -> Casa tier-B (pop-share 16.98%)
17,B,3,Sidi Moumen,B,0.3333333333333333,NYC tier-B -> Casa tier-B (pop-share 33.33%)
17,B,4,Hay Hassani,B,0.3018867924528302,NYC tier-B -> Casa tier-B (pop-share 30.19%)
17,B,8,Maarif,B,0.1949685534591195,NYC tier-B -> Casa tier-B (pop-share 19.50%)
17,B,9,Al Fida,B,0.16981132075471697,NYC tier-B -> Casa tier-B (pop-share 16.98%)
37,B,3,Sidi Moumen,B,0.3333333333333333,NYC tier-B -> Casa tier-B (pop-share 33.33%)
37,B,4,Hay Hassani,B,0.3018867924528302,NYC tier-B -> Casa tier-B (pop-share 30.19%)
37,B,8,Maarif,B,0.1949685534591195,NYC tier-B -> Casa tier-B (pop-share 19.50%)
37,B,9,Al Fida,B,0.16981132075471697,NYC tier-B -> Casa tier-B (pop-share 16.98%)
189,C,1,Ain Chock,C,0.3839835728952772,NYC tier-C -> Casa tier-C (pop-share 38.40%)
189,C,6,Ben Msik,C,0.16940451745379878,NYC tier-C -> Casa tier-C (pop-share 16.94%)
189,C,7,Moulay Rachid,C,0.2053388090349076,NYC tier-C -> Casa tier-C (pop-share 20.53%)
189,C,10,Mers Sultan,C,0.12833675564681724,NYC tier-C -> Casa tier-C (pop-share 12.83%)
189,C,11,Roches Noires,C,0.11293634496919917,NYC tier-C -> Casa tier-C (pop-share 11.29%)
40,C,1,Ain Chock,C,0.3839835728952772,NYC tier-C -> Casa tier-C (pop-share 38.40%)
40,C,6,Ben Msik,C,0.16940451745379878,NYC tier-C -> Casa tier-C (pop-share 16.94%)
40,C,7,Moulay Rachid,C,0.2053388090349076,NYC tier-C -> Casa tier-C (pop-share 20.53%)
40,C,10,Mers Sultan,C,0.12833675564681724,NYC tier-C -> Casa tier-C (pop-share 12.83%)
40,C,11,Roches Noires,C,0.11293634496919917,NYC tier-C -> Casa tier-C (pop-share 11.29%)
216,C,1,Ain Chock,C,0.3839835728952772,NYC tier-C -> Casa tier-C (pop-share 38.40%)
216,C,6,Ben Msik,C,0.16940451745379878,NYC tier-C -> Casa tier-C (pop-share 16.94%)
216,C,7,Moulay Rachid,C,0.2053388090349076,NYC tier-C -> Casa tier-C (pop-share 20.53%)
216,C,10,Mers Sultan,C,0.12833675564681724,NYC tier-C -> Casa tier-C (pop-share 12.83%)
216,C,11,Roches Noires,C,0.11293634496919917,NYC tier-C -> Casa tier-C (pop-share 11.29%)
260,C,1,Ain Chock,C,0.3839835728952772,NYC tier-C -> Casa tier-C (pop-share 38.40%)
260,C,6,Ben Msik,C,0.16940451745379878,NYC tier-C -> Casa tier-C (pop-share 16.94%)
260,C,7,Moulay Rachid,C,0.2053388090349076,NYC tier-C -> Casa tier-C (pop-share 20.53%)
260,C,10,Mers Sultan,C,0.12833675564681724,NYC tier-C -> Casa tier-C (pop-share 12.83%)
260,C,11,Roches Noires,C,0.11293634496919917,NYC tier-C -> Casa tier-C (pop-share 11.29%)
225,C,1,Ain Chock,C,0.3839835728952772,NYC tier-C -> Casa tier-C (pop-share 38.40%)
225,C,6,Ben Msik,C,0.16940451745379878,NYC tier-C -> Casa tier-C (pop-share 16.94%)
225,C,7,Moulay Rachid,C,0.2053388090349076,NYC tier-C -> Casa tier-C (pop-share 20.53%)
225,C,10,Mers Sultan,C,0.12833675564681724,NYC tier-C -> Casa tier-C (pop-share 12.83%)
225,C,11,Roches Noires,C,0.11293634496919917,NYC tier-C -> Casa tier-C (pop-share 11.29%)
89,C,1,Ain Chock,C,0.3839835728952772,NYC tier-C -> Casa tier-C (pop-share 38.40%)
89,C,6,Ben Msik,C,0.16940451745379878,NYC tier-C -> Casa tier-C (pop-share 16.94%)
89,C,7,Moulay Rachid,C,0.2053388090349076,NYC tier-C -> Casa tier-C (pop-share 20.53%)
89,C,10,Mers Sultan,C,0.12833675564681724,NYC tier-C -> Casa tier-C (pop-share 12.83%)
89,C,11,Roches Noires,C,0.11293634496919917,NYC tier-C -> Casa tier-C (pop-share 11.29%)
52,C,1,Ain Chock,C,0.3839835728952772,NYC tier-C -> Casa tier-C (pop-share 38.40%)
52,C,6,Ben Msik,C,0.16940451745379878,NYC tier-C -> Casa tier-C (pop-share 16.94%)
52,C,7,Moulay Rachid,C,0.2053388090349076,NYC tier-C -> Casa tier-C (pop-share 20.53%)
52,C,10,Mers Sultan,C,0.12833675564681724,NYC tier-C -> Casa tier-C (pop-share 12.83%)
52,C,11,Roches Noires,C,0.11293634496919917,NYC tier-C -> Casa tier-C (pop-share 11.29%)
93,C,1,Ain Chock,C,0.3839835728952772,NYC tier-C -> Casa tier-C (pop-share 38.40%)
93,C,6,Ben Msik,C,0.16940451745379878,NYC tier-C -> Casa tier-C (pop-share 16.94%)
93,C,7,Moulay Rachid,C,0.2053388090349076,NYC tier-C -> Casa tier-C (pop-share 20.53%)
93,C,10,Mers Sultan,C,0.12833675564681724,NYC tier-C -> Casa tier-C (pop-share 12.83%)
93,C,11,Roches Noires,C,0.11293634496919917,NYC tier-C -> Casa tier-C (pop-share 11.29%)
188,C,1,Ain Chock,C,0.3839835728952772,NYC tier-C -> Casa tier-C (pop-share 38.40%)
188,C,6,Ben Msik,C,0.16940451745379878,NYC tier-C -> Casa tier-C (pop-share 16.94%)
188,C,7,Moulay Rachid,C,0.2053388090349076,NYC tier-C -> Casa tier-C (pop-share 20.53%)
188,C,10,Mers Sultan,C,0.12833675564681724,NYC tier-C -> Casa tier-C (pop-share 12.83%)
188,C,11,Roches Noires,C,0.11293634496919917,NYC tier-C -> Casa tier-C (pop-share 11.29%)
36,C,1,Ain Chock,C,0.3839835728952772,NYC tier-C -> Casa tier-C (pop-share 38.40%)
36,C,6,Ben Msik,C,0.16940451745379878,NYC tier-C -> Casa tier-C (pop-share 16.94%)
36,C,7,Moulay Rachid,C,0.2053388090349076,NYC tier-C -> Casa tier-C (pop-share 20.53%)
36,C,10,Mers Sultan,C,0.12833675564681724,NYC tier-C -> Casa tier-C (pop-share 12.83%)
36,C,11,Roches Noires,C,0.11293634496919917,NYC tier-C -> Casa tier-C (pop-share 11.29%)
12,C,1,Ain Chock,C,0.3839835728952772,NYC tier-C -> Casa tier-C (pop-share 38.40%)
12,C,6,Ben Msik,C,0.16940451745379878,NYC tier-C -> Casa tier-C (pop-share 16.94%)
12,C,7,Moulay Rachid,C,0.2053388090349076,NYC tier-C -> Casa tier-C (pop-share 20.53%)
12,C,10,Mers Sultan,C,0.12833675564681724,NYC tier-C -> Casa tier-C (pop-share 12.83%)
12,C,11,Roches Noires,C,0.11293634496919917,NYC tier-C -> Casa tier-C (pop-share 11.29%)
82,C,1,Ain Chock,C,0.3839835728952772,NYC tier-C -> Casa tier-C (pop-share 38.40%)
82,C,6,Ben Msik,C,0.16940451745379878,NYC tier-C -> Casa tier-C (pop-share 16.94%)
82,C,7,Moulay Rachid,C,0.2053388090349076,NYC tier-C -> Casa tier-C (pop-share 20.53%)
82,C,10,Mers Sultan,C,0.12833675564681724,NYC tier-C -> Casa tier-C (pop-share 12.83%)
82,C,11,Roches Noires,C,0.11293634496919917,NYC tier-C -> Casa tier-C (pop-share 11.29%)
127,C,1,Ain Chock,C,0.3839835728952772,NYC tier-C -> Casa tier-C (pop-share 38.40%)
127,C,6,Ben Msik,C,0.16940451745379878,NYC tier-C -> Casa tier-C (pop-share 16.94%)
127,C,7,Moulay Rachid,C,0.2053388090349076,NYC tier-C -> Casa tier-C (pop-share 20.53%)
127,C,10,Mers Sultan,C,0.12833675564681724,NYC tier-C -> Casa tier-C (pop-share 12.83%)
127,C,11,Roches Noires,C,0.11293634496919917,NYC tier-C -> Casa tier-C (pop-share 11.29%)
130,C,1,Ain Chock,C,0.3839835728952772,NYC tier-C -> Casa tier-C (pop-share 38.40%)
130,C,6,Ben Msik,C,0.16940451745379878,NYC tier-C -> Casa tier-C (pop-share 16.94%)
130,C,7,Moulay Rachid,C,0.2053388090349076,NYC tier-C -> Casa tier-C (pop-share 20.53%)
130,C,10,Mers Sultan,C,0.12833675564681724,NYC tier-C -> Casa tier-C (pop-share 12.83%)
130,C,11,Roches Noires,C,0.11293634496919917,NYC tier-C -> Casa tier-C (pop-share 11.29%)
14,C,1,Ain Chock,C,0.3839835728952772,NYC tier-C -> Casa tier-C (pop-share 38.40%)
14,C,6,Ben Msik,C,0.16940451745379878,NYC tier-C -> Casa tier-C (pop-share 16.94%)
14,C,7,Moulay Rachid,C,0.2053388090349076,NYC tier-C -> Casa tier-C (pop-share 20.53%)
14,C,10,Mers Sultan,C,0.12833675564681724,NYC tier-C -> Casa tier-C (pop-share 12.83%)
14,C,11,Roches Noires,C,0.11293634496919917,NYC tier-C -> Casa tier-C (pop-share 11.29%)
168,C,1,Ain Chock,C,0.3839835728952772,NYC tier-C -> Casa tier-C (pop-share 38.40%)
168,C,6,Ben Msik,C,0.16940451745379878,NYC tier-C -> Casa tier-C (pop-share 16.94%)
168,C,7,Moulay Rachid,C,0.2053388090349076,NYC tier-C -> Casa tier-C (pop-share 20.53%)
168,C,10,Mers Sultan,C,0.12833675564681724,NYC tier-C -> Casa tier-C (pop-share 12.83%)
168,C,11,Roches Noires,C,0.11293634496919917,NYC tier-C -> Casa tier-C (pop-share 11.29%)
92,C,1,Ain Chock,C,0.3839835728952772,NYC tier-C -> Casa tier-C (pop-share 38.40%)
92,C,6,Ben Msik,C,0.16940451745379878,NYC tier-C -> Casa tier-C (pop-share 16.94%)
92,C,7,Moulay Rachid,C,0.2053388090349076,NYC tier-C -> Casa tier-C (pop-share 20.53%)
92,C,10,Mers Sultan,C,0.12833675564681724,NYC tier-C -> Casa tier-C (pop-share 12.83%)
92,C,11,Roches Noires,C,0.11293634496919917,NYC tier-C -> Casa tier-C (pop-share 11.29%)
202,C,1,Ain Chock,C,0.3839835728952772,NYC tier-C -> Casa tier-C (pop-share 38.40%)
202,C,6,Ben Msik,C,0.16940451745379878,NYC tier-C -> Casa tier-C (pop-share 16.94%)
202,C,7,Moulay Rachid,C,0.2053388090349076,NYC tier-C -> Casa tier-C (pop-share 20.53%)
202,C,10,Mers Sultan,C,0.12833675564681724,NYC tier-C -> Casa tier-C (pop-share 12.83%)
202,C,11,Roches Noires,C,0.11293634496919917,NYC tier-C -> Casa tier-C (pop-share 11.29%)
76,C,1,Ain Chock,C,0.3839835728952772,NYC tier-C -> Casa tier-C (pop-share 38.40%)
76,C,6,Ben Msik,C,0.16940451745379878,NYC tier-C -> Casa tier-C (pop-share 16.94%)
76,C,7,Moulay Rachid,C,0.2053388090349076,NYC tier-C -> Casa tier-C (pop-share 20.53%)
76,C,10,Mers Sultan,C,0.12833675564681724,NYC tier-C -> Casa tier-C (pop-share 12.83%)
76,C,11,Roches Noires,C,0.11293634496919917,NYC tier-C -> Casa tier-C (pop-share 11.29%)
28,C,1,Ain Chock,C,0.3839835728952772,NYC tier-C -> Casa tier-C (pop-share 38.40%)
28,C,6,Ben Msik,C,0.16940451745379878,NYC tier-C -> Casa tier-C (pop-share 16.94%)
28,C,7,Moulay Rachid,C,0.2053388090349076,NYC tier-C -> Casa tier-C (pop-share 20.53%)
28,C,10,Mers Sultan,C,0.12833675564681724,NYC tier-C -> Casa tier-C (pop-share 12.83%)
28,C,11,Roches Noires,C,0.11293634496919917,NYC tier-C -> Casa tier-C (pop-share 11.29%)
198,C,1,Ain Chock,C,0.3839835728952772,NYC tier-C -> Casa tier-C (pop-share 38.40%)
198,C,6,Ben Msik,C,0.16940451745379878,NYC tier-C -> Casa tier-C (pop-share 16.94%)
198,C,7,Moulay Rachid,C,0.2053388090349076,NYC tier-C -> Casa tier-C (pop-share 20.53%)
198,C,10,Mers Sultan,C,0.12833675564681724,NYC tier-C -> Casa tier-C (pop-share 12.83%)
198,C,11,Roches Noires,C,0.11293634496919917,NYC tier-C -> Casa tier-C (pop-share 11.29%)
228,C,1,Ain Chock,C,0.3839835728952772,NYC tier-C -> Casa tier-C (pop-share 38.40%)
228,C,6,Ben Msik,C,0.16940451745379878,NYC tier-C -> Casa tier-C (pop-share 16.94%)
228,C,7,Moulay Rachid,C,0.2053388090349076,NYC tier-C -> Casa tier-C (pop-share 20.53%)
228,C,10,Mers Sultan,C,0.12833675564681724,NYC tier-C -> Casa tier-C (pop-share 12.83%)
228,C,11,Roches Noires,C,0.11293634496919917,NYC tier-C -> Casa tier-C (pop-share 11.29%)
217,C,1,Ain Chock,C,0.3839835728952772,NYC tier-C -> Casa tier-C (pop-share 38.40%)
217,C,6,Ben Msik,C,0.16940451745379878,NYC tier-C -> Casa tier-C (pop-share 16.94%)
217,C,7,Moulay Rachid,C,0.2053388090349076,NYC tier-C -> Casa tier-C (pop-share 20.53%)
217,C,10,Mers Sultan,C,0.12833675564681724,NYC tier-C -> Casa tier-C (pop-share 12.83%)
217,C,11,Roches Noires,C,0.11293634496919917,NYC tier-C -> Casa tier-C (pop-share 11.29%)
215,C,1,Ain Chock,C,0.3839835728952772,NYC tier-C -> Casa tier-C (pop-share 38.40%)
215,C,6,Ben Msik,C,0.16940451745379878,NYC tier-C -> Casa tier-C (pop-share 16.94%)
215,C,7,Moulay Rachid,C,0.2053388090349076,NYC tier-C -> Casa tier-C (pop-share 20.53%)
215,C,10,Mers Sultan,C,0.12833675564681724,NYC tier-C -> Casa tier-C (pop-share 12.83%)
215,C,11,Roches Noires,C,0.11293634496919917,NYC tier-C -> Casa tier-C (pop-share 11.29%)
219,C,1,Ain Chock,C,0.3839835728952772,NYC tier-C -> Casa tier-C (pop-share 38.40%)
219,C,6,Ben Msik,C,0.16940451745379878,NYC tier-C -> Casa tier-C (pop-share 16.94%)
219,C,7,Moulay Rachid,C,0.2053388090349076,NYC tier-C -> Casa tier-C (pop-share 20.53%)
219,C,10,Mers Sultan,C,0.12833675564681724,NYC tier-C -> Casa tier-C (pop-share 12.83%)
219,C,11,Roches Noires,C,0.11293634496919917,NYC tier-C -> Casa tier-C (pop-share 11.29%)
62,C,1,Ain Chock,C,0.3839835728952772,NYC tier-C -> Casa tier-C (pop-share 38.40%)
62,C,6,Ben Msik,C,0.16940451745379878,NYC tier-C -> Casa tier-C (pop-share 16.94%)
62,C,7,Moulay Rachid,C,0.2053388090349076,NYC tier-C -> Casa tier-C (pop-share 20.53%)
62,C,10,Mers Sultan,C,0.12833675564681724,NYC tier-C -> Casa tier-C (pop-share 12.83%)
62,C,11,Roches Noires,C,0.11293634496919917,NYC tier-C -> Casa tier-C (pop-share 11.29%)
197,C,1,Ain Chock,C,0.3839835728952772,NYC tier-C -> Casa tier-C (pop-share 38.40%)
197,C,6,Ben Msik,C,0.16940451745379878,NYC tier-C -> Casa tier-C (pop-share 16.94%)
197,C,7,Moulay Rachid,C,0.2053388090349076,NYC tier-C -> Casa tier-C (pop-share 20.53%)
197,C,10,Mers Sultan,C,0.12833675564681724,NYC tier-C -> Casa tier-C (pop-share 12.83%)
197,C,11,Roches Noires,C,0.11293634496919917,NYC tier-C -> Casa tier-C (pop-share 11.29%)
193,C,1,Ain Chock,C,0.3839835728952772,NYC tier-C -> Casa tier-C (pop-share 38.40%)
193,C,6,Ben Msik,C,0.16940451745379878,NYC tier-C -> Casa tier-C (pop-share 16.94%)
193,C,7,Moulay Rachid,C,0.2053388090349076,NYC tier-C -> Casa tier-C (pop-share 20.53%)
193,C,10,Mers Sultan,C,0.12833675564681724,NYC tier-C -> Casa tier-C (pop-share 12.83%)
193,C,11,Roches Noires,C,0.11293634496919917,NYC tier-C -> Casa tier-C (pop-share 11.29%)
220,C,1,Ain Chock,C,0.3839835728952772,NYC tier-C -> Casa tier-C (pop-share 38.40%)
220,C,6,Ben Msik,C,0.16940451745379878,NYC tier-C -> Casa tier-C (pop-share 16.94%)
220,C,7,Moulay Rachid,C,0.2053388090349076,NYC tier-C -> Casa tier-C (pop-share 20.53%)
220,C,10,Mers Sultan,C,0.12833675564681724,NYC tier-C -> Casa tier-C (pop-share 12.83%)
220,C,11,Roches Noires,C,0.11293634496919917,NYC tier-C -> Casa tier-C (pop-share 11.29%)
134,C,1,Ain Chock,C,0.3839835728952772,NYC tier-C -> Casa tier-C (pop-share 38.40%)
134,C,6,Ben Msik,C,0.16940451745379878,NYC tier-C -> Casa tier-C (pop-share 16.94%)
134,C,7,Moulay Rachid,C,0.2053388090349076,NYC tier-C -> Casa tier-C (pop-share 20.53%)
134,C,10,Mers Sultan,C,0.12833675564681724,NYC tier-C -> Casa tier-C (pop-share 12.83%)
134,C,11,Roches Noires,C,0.11293634496919917,NYC tier-C -> Casa tier-C (pop-share 11.29%)
257,C,1,Ain Chock,C,0.3839835728952772,NYC tier-C -> Casa tier-C (pop-share 38.40%)
257,C,6,Ben Msik,C,0.16940451745379878,NYC tier-C -> Casa tier-C (pop-share 16.94%)
257,C,7,Moulay Rachid,C,0.2053388090349076,NYC tier-C -> Casa tier-C (pop-share 20.53%)
257,C,10,Mers Sultan,C,0.12833675564681724,NYC tier-C -> Casa tier-C (pop-share 12.83%)
257,C,11,Roches Noires,C,0.11293634496919917,NYC tier-C -> Casa tier-C (pop-share 11.29%)
39,C,1,Ain Chock,C,0.3839835728952772,NYC tier-C -> Casa tier-C (pop-share 38.40%)
39,C,6,Ben Msik,C,0.16940451745379878,NYC tier-C -> Casa tier-C (pop-share 16.94%)
39,C,7,Moulay Rachid,C,0.2053388090349076,NYC tier-C -> Casa tier-C (pop-share 20.53%)
39,C,10,Mers Sultan,C,0.12833675564681724,NYC tier-C -> Casa tier-C (pop-share 12.83%)
39,C,11,Roches Noires,C,0.11293634496919917,NYC tier-C -> Casa tier-C (pop-share 11.29%)
196,C,1,Ain Chock,C,0.3839835728952772,NYC tier-C -> Casa tier-C (pop-share 38.40%)
196,C,6,Ben Msik,C,0.16940451745379878,NYC tier-C -> Casa tier-C (pop-share 16.94%)
196,C,7,Moulay Rachid,C,0.2053388090349076,NYC tier-C -> Casa tier-C (pop-share 20.53%)
196,C,10,Mers Sultan,C,0.12833675564681724,NYC tier-C -> Casa tier-C (pop-share 12.83%)
196,C,11,Roches Noires,C,0.11293634496919917,NYC tier-C -> Casa tier-C (pop-share 11.29%)
157,C,1,Ain Chock,C,0.3839835728952772,NYC tier-C -> Casa tier-C (pop-share 38.40%)
157,C,6,Ben Msik,C,0.16940451745379878,NYC tier-C -> Casa tier-C (pop-share 16.94%)
157,C,7,Moulay Rachid,C,0.2053388090349076,NYC tier-C -> Casa tier-C (pop-share 20.53%)
157,C,10,Mers Sultan,C,0.12833675564681724,NYC tier-C -> Casa tier-C (pop-share 12.83%)
157,C,11,Roches Noires,C,0.11293634496919917,NYC tier-C -> Casa tier-C (pop-share 11.29%)
69,C,1,Ain Chock,C,0.3839835728952772,NYC tier-C -> Casa tier-C (pop-share 38.40%)
69,C,6,Ben Msik,C,0.16940451745379878,NYC tier-C -> Casa tier-C (pop-share 16.94%)
69,C,7,Moulay Rachid,C,0.2053388090349076,NYC tier-C -> Casa tier-C (pop-share 20.53%)
69,C,10,Mers Sultan,C,0.12833675564681724,NYC tier-C -> Casa tier-C (pop-share 12.83%)
69,C,11,Roches Noires,C,0.11293634496919917,NYC tier-C -> Casa tier-C (pop-share 11.29%)
200,C,1,Ain Chock,C,0.3839835728952772,NYC tier-C -> Casa tier-C (pop-share 38.40%)
200,C,6,Ben Msik,C,0.16940451745379878,NYC tier-C -> Casa tier-C (pop-share 16.94%)
200,C,7,Moulay Rachid,C,0.2053388090349076,NYC tier-C -> Casa tier-C (pop-share 20.53%)
200,C,10,Mers Sultan,C,0.12833675564681724,NYC tier-C -> Casa tier-C (pop-share 12.83%)
200,C,11,Roches Noires,C,0.11293634496919917,NYC tier-C -> Casa tier-C (pop-share 11.29%)
247,C,1,Ain Chock,C,0.3839835728952772,NYC tier-C -> Casa tier-C (pop-share 38.40%)
247,C,6,Ben Msik,C,0.16940451745379878,NYC tier-C -> Casa tier-C (pop-share 16.94%)
247,C,7,Moulay Rachid,C,0.2053388090349076,NYC tier-C -> Casa tier-C (pop-share 20.53%)
247,C,10,Mers Sultan,C,0.12833675564681724,NYC tier-C -> Casa tier-C (pop-share 12.83%)
247,C,11,Roches Noires,C,0.11293634496919917,NYC tier-C -> Casa tier-C (pop-share 11.29%)
218,C,1,Ain Chock,C,0.3839835728952772,NYC tier-C -> Casa tier-C (pop-share 38.40%)
218,C,6,Ben Msik,C,0.16940451745379878,NYC tier-C -> Casa tier-C (pop-share 16.94%)
218,C,7,Moulay Rachid,C,0.2053388090349076,NYC tier-C -> Casa tier-C (pop-share 20.53%)
218,C,10,Mers Sultan,C,0.12833675564681724,NYC tier-C -> Casa tier-C (pop-share 12.83%)
218,C,11,Roches Noires,C,0.11293634496919917,NYC tier-C -> Casa tier-C (pop-share 11.29%)
205,C,1,Ain Chock,C,0.3839835728952772,NYC tier-C -> Casa tier-C (pop-share 38.40%)
205,C,6,Ben Msik,C,0.16940451745379878,NYC tier-C -> Casa tier-C (pop-share 16.94%)
205,C,7,Moulay Rachid,C,0.2053388090349076,NYC tier-C -> Casa tier-C (pop-share 20.53%)
205,C,10,Mers Sultan,C,0.12833675564681724,NYC tier-C -> Casa tier-C (pop-share 12.83%)
205,C,11,Roches Noires,C,0.11293634496919917,NYC tier-C -> Casa tier-C (pop-share 11.29%)
106,C,1,Ain Chock,C,0.3839835728952772,NYC tier-C -> Casa tier-C (pop-share 38.40%)
106,C,6,Ben Msik,C,0.16940451745379878,NYC tier-C -> Casa tier-C (pop-share 16.94%)
106,C,7,Moulay Rachid,C,0.2053388090349076,NYC tier-C -> Casa tier-C (pop-share 20.53%)
106,C,10,Mers Sultan,C,0.12833675564681724,NYC tier-C -> Casa tier-C (pop-share 12.83%)
106,C,11,Roches Noires,C,0.11293634496919917,NYC tier-C -> Casa tier-C (pop-share 11.29%)
56,C,1,Ain Chock,C,0.3839835728952772,NYC tier-C -> Casa tier-C (pop-share 38.40%)
56,C,6,Ben Msik,C,0.16940451745379878,NYC tier-C -> Casa tier-C (pop-share 16.94%)
56,C,7,Moulay Rachid,C,0.2053388090349076,NYC tier-C -> Casa tier-C (pop-share 20.53%)
56,C,10,Mers Sultan,C,0.12833675564681724,NYC tier-C -> Casa tier-C (pop-share 12.83%)
56,C,11,Roches Noires,C,0.11293634496919917,NYC tier-C -> Casa tier-C (pop-share 11.29%)
135,C,1,Ain Chock,C,0.3839835728952772,NYC tier-C -> Casa tier-C (pop-share 38.40%)
135,C,6,Ben Msik,C,0.16940451745379878,NYC tier-C -> Casa tier-C (pop-share 16.94%)
135,C,7,Moulay Rachid,C,0.2053388090349076,NYC tier-C -> Casa tier-C (pop-share 20.53%)
135,C,10,Mers Sultan,C,0.12833675564681724,NYC tier-C -> Casa tier-C (pop-share 12.83%)
135,C,11,Roches Noires,C,0.11293634496919917,NYC tier-C -> Casa tier-C (pop-share 11.29%)
160,C,1,Ain Chock,C,0.3839835728952772,NYC tier-C -> Casa tier-C (pop-share 38.40%)
160,C,6,Ben Msik,C,0.16940451745379878,NYC tier-C -> Casa tier-C (pop-share 16.94%)
160,C,7,Moulay Rachid,C,0.2053388090349076,NYC tier-C -> Casa tier-C (pop-share 20.53%)
160,C,10,Mers Sultan,C,0.12833675564681724,NYC tier-C -> Casa tier-C (pop-share 12.83%)
160,C,11,Roches Noires,C,0.11293634496919917,NYC tier-C -> Casa tier-C (pop-share 11.29%)
26,C,1,Ain Chock,C,0.3839835728952772,NYC tier-C -> Casa tier-C (pop-share 38.40%)
26,C,6,Ben Msik,C,0.16940451745379878,NYC tier-C -> Casa tier-C (pop-share 16.94%)
26,C,7,Moulay Rachid,C,0.2053388090349076,NYC tier-C -> Casa tier-C (pop-share 20.53%)
26,C,10,Mers Sultan,C,0.12833675564681724,NYC tier-C -> Casa tier-C (pop-share 12.83%)
26,C,11,Roches Noires,C,0.11293634496919917,NYC tier-C -> Casa tier-C (pop-share 11.29%)
165,C,1,Ain Chock,C,0.3839835728952772,NYC tier-C -> Casa tier-C (pop-share 38.40%)
165,C,6,Ben Msik,C,0.16940451745379878,NYC tier-C -> Casa tier-C (pop-share 16.94%)
165,C,7,Moulay Rachid,C,0.2053388090349076,NYC tier-C -> Casa tier-C (pop-share 20.53%)
165,C,10,Mers Sultan,C,0.12833675564681724,NYC tier-C -> Casa tier-C (pop-share 12.83%)
165,C,11,Roches Noires,C,0.11293634496919917,NYC tier-C -> Casa tier-C (pop-share 11.29%)
177,C,1,Ain Chock,C,0.3839835728952772,NYC tier-C -> Casa tier-C (pop-share 38.40%)
177,C,6,Ben Msik,C,0.16940451745379878,NYC tier-C -> Casa tier-C (pop-share 16.94%)
177,C,7,Moulay Rachid,C,0.2053388090349076,NYC tier-C -> Casa tier-C (pop-share 20.53%)
177,C,10,Mers Sultan,C,0.12833675564681724,NYC tier-C -> Casa tier-C (pop-share 12.83%)
177,C,11,Roches Noires,C,0.11293634496919917,NYC tier-C -> Casa tier-C (pop-share 11.29%)
133,C,1,Ain Chock,C,0.3839835728952772,NYC tier-C -> Casa tier-C (pop-share 38.40%)
133,C,6,Ben Msik,C,0.16940451745379878,NYC tier-C -> Casa tier-C (pop-share 16.94%)
133,C,7,Moulay Rachid,C,0.2053388090349076,NYC tier-C -> Casa tier-C (pop-share 20.53%)
133,C,10,Mers Sultan,C,0.12833675564681724,NYC tier-C -> Casa tier-C (pop-share 12.83%)
133,C,11,Roches Noires,C,0.11293634496919917,NYC tier-C -> Casa tier-C (pop-share 11.29%)
83,C,1,Ain Chock,C,0.3839835728952772,NYC tier-C -> Casa tier-C (pop-share 38.40%)
83,C,6,Ben Msik,C,0.16940451745379878,NYC tier-C -> Casa tier-C (pop-share 16.94%)
83,C,7,Moulay Rachid,C,0.2053388090349076,NYC tier-C -> Casa tier-C (pop-share 20.53%)
83,C,10,Mers Sultan,C,0.12833675564681724,NYC tier-C -> Casa tier-C (pop-share 12.83%)
83,C,11,Roches Noires,C,0.11293634496919917,NYC tier-C -> Casa tier-C (pop-share 11.29%)
191,C,1,Ain Chock,C,0.3839835728952772,NYC tier-C -> Casa tier-C (pop-share 38.40%)
191,C,6,Ben Msik,C,0.16940451745379878,NYC tier-C -> Casa tier-C (pop-share 16.94%)
191,C,7,Moulay Rachid,C,0.2053388090349076,NYC tier-C -> Casa tier-C (pop-share 20.53%)
191,C,10,Mers Sultan,C,0.12833675564681724,NYC tier-C -> Casa tier-C (pop-share 12.83%)
191,C,11,Roches Noires,C,0.11293634496919917,NYC tier-C -> Casa tier-C (pop-share 11.29%)
91,C,1,Ain Chock,C,0.3839835728952772,NYC tier-C -> Casa tier-C (pop-share 38.40%)
91,C,6,Ben Msik,C,0.16940451745379878,NYC tier-C -> Casa tier-C (pop-share 16.94%)
91,C,7,Moulay Rachid,C,0.2053388090349076,NYC tier-C -> Casa tier-C (pop-share 20.53%)
91,C,10,Mers Sultan,C,0.12833675564681724,NYC tier-C -> Casa tier-C (pop-share 12.83%)
91,C,11,Roches Noires,C,0.11293634496919917,NYC tier-C -> Casa tier-C (pop-share 11.29%)
159,C,1,Ain Chock,C,0.3839835728952772,NYC tier-C -> Casa tier-C (pop-share 38.40%)
159,C,6,Ben Msik,C,0.16940451745379878,NYC tier-C -> Casa tier-C (pop-share 16.94%)
159,C,7,Moulay Rachid,C,0.2053388090349076,NYC tier-C -> Casa tier-C (pop-share 20.53%)
159,C,10,Mers Sultan,C,0.12833675564681724,NYC tier-C -> Casa tier-C (pop-share 12.83%)
159,C,11,Roches Noires,C,0.11293634496919917,NYC tier-C -> Casa tier-C (pop-share 11.29%)
124,C,1,Ain Chock,C,0.3839835728952772,NYC tier-C -> Casa tier-C (pop-share 38.40%)
124,C,6,Ben Msik,C,0.16940451745379878,NYC tier-C -> Casa tier-C (pop-share 16.94%)
124,C,7,Moulay Rachid,C,0.2053388090349076,NYC tier-C -> Casa tier-C (pop-share 20.53%)
124,C,10,Mers Sultan,C,0.12833675564681724,NYC tier-C -> Casa tier-C (pop-share 12.83%)
124,C,11,Roches Noires,C,0.11293634496919917,NYC tier-C -> Casa tier-C (pop-share 11.29%)
195,C,1,Ain Chock,C,0.3839835728952772,NYC tier-C -> Casa tier-C (pop-share 38.40%)
195,C,6,Ben Msik,C,0.16940451745379878,NYC tier-C -> Casa tier-C (pop-share 16.94%)
195,C,7,Moulay Rachid,C,0.2053388090349076,NYC tier-C -> Casa tier-C (pop-share 20.53%)
195,C,10,Mers Sultan,C,0.12833675564681724,NYC tier-C -> Casa tier-C (pop-share 12.83%)
195,C,11,Roches Noires,C,0.11293634496919917,NYC tier-C -> Casa tier-C (pop-share 11.29%)
72,C,1,Ain Chock,C,0.3839835728952772,NYC tier-C -> Casa tier-C (pop-share 38.40%)
72,C,6,Ben Msik,C,0.16940451745379878,NYC tier-C -> Casa tier-C (pop-share 16.94%)
72,C,7,Moulay Rachid,C,0.2053388090349076,NYC tier-C -> Casa tier-C (pop-share 20.53%)
72,C,10,Mers Sultan,C,0.12833675564681724,NYC tier-C -> Casa tier-C (pop-share 12.83%)
72,C,11,Roches Noires,C,0.11293634496919917,NYC tier-C -> Casa tier-C (pop-share 11.29%)
131,C,1,Ain Chock,C,0.3839835728952772,NYC tier-C -> Casa tier-C (pop-share 38.40%)
131,C,6,Ben Msik,C,0.16940451745379878,NYC tier-C -> Casa tier-C (pop-share 16.94%)
131,C,7,Moulay Rachid,C,0.2053388090349076,NYC tier-C -> Casa tier-C (pop-share 20.53%)
131,C,10,Mers Sultan,C,0.12833675564681724,NYC tier-C -> Casa tier-C (pop-share 12.83%)
131,C,11,Roches Noires,C,0.11293634496919917,NYC tier-C -> Casa tier-C (pop-share 11.29%)
155,C,1,Ain Chock,C,0.3839835728952772,NYC tier-C -> Casa tier-C (pop-share 38.40%)
155,C,6,Ben Msik,C,0.16940451745379878,NYC tier-C -> Casa tier-C (pop-share 16.94%)
155,C,7,Moulay Rachid,C,0.2053388090349076,NYC tier-C -> Casa tier-C (pop-share 20.53%)
155,C,10,Mers Sultan,C,0.12833675564681724,NYC tier-C -> Casa tier-C (pop-share 12.83%)
155,C,11,Roches Noires,C,0.11293634496919917,NYC tier-C -> Casa tier-C (pop-share 11.29%)
38,C,1,Ain Chock,C,0.3839835728952772,NYC tier-C -> Casa tier-C (pop-share 38.40%)
38,C,6,Ben Msik,C,0.16940451745379878,NYC tier-C -> Casa tier-C (pop-share 16.94%)
38,C,7,Moulay Rachid,C,0.2053388090349076,NYC tier-C -> Casa tier-C (pop-share 20.53%)
38,C,10,Mers Sultan,C,0.12833675564681724,NYC tier-C -> Casa tier-C (pop-share 12.83%)
38,C,11,Roches Noires,C,0.11293634496919917,NYC tier-C -> Casa tier-C (pop-share 11.29%)
121,C,1,Ain Chock,C,0.3839835728952772,NYC tier-C -> Casa tier-C (pop-share 38.40%)
121,C,6,Ben Msik,C,0.16940451745379878,NYC tier-C -> Casa tier-C (pop-share 16.94%)
121,C,7,Moulay Rachid,C,0.2053388090349076,NYC tier-C -> Casa tier-C (pop-share 20.53%)
121,C,10,Mers Sultan,C,0.12833675564681724,NYC tier-C -> Casa tier-C (pop-share 12.83%)
121,C,11,Roches Noires,C,0.11293634496919917,NYC tier-C -> Casa tier-C (pop-share 11.29%)
258,C,1,Ain Chock,C,0.3839835728952772,NYC tier-C -> Casa tier-C (pop-share 38.40%)
258,C,6,Ben Msik,C,0.16940451745379878,NYC tier-C -> Casa tier-C (pop-share 16.94%)
258,C,7,Moulay Rachid,C,0.2053388090349076,NYC tier-C -> Casa tier-C (pop-share 20.53%)
258,C,10,Mers Sultan,C,0.12833675564681724,NYC tier-C -> Casa tier-C (pop-share 12.83%)
258,C,11,Roches Noires,C,0.11293634496919917,NYC tier-C -> Casa tier-C (pop-share 11.29%)
213,C,1,Ain Chock,C,0.3839835728952772,NYC tier-C -> Casa tier-C (pop-share 38.40%)
213,C,6,Ben Msik,C,0.16940451745379878,NYC tier-C -> Casa tier-C (pop-share 16.94%)
213,C,7,Moulay Rachid,C,0.2053388090349076,NYC tier-C -> Casa tier-C (pop-share 20.53%)
213,C,10,Mers Sultan,C,0.12833675564681724,NYC tier-C -> Casa tier-C (pop-share 12.83%)
213,C,11,Roches Noires,C,0.11293634496919917,NYC tier-C -> Casa tier-C (pop-share 11.29%)
203,C,1,Ain Chock,C,0.3839835728952772,NYC tier-C -> Casa tier-C (pop-share 38.40%)
203,C,6,Ben Msik,C,0.16940451745379878,NYC tier-C -> Casa tier-C (pop-share 16.94%)
203,C,7,Moulay Rachid,C,0.2053388090349076,NYC tier-C -> Casa tier-C (pop-share 20.53%)
203,C,10,Mers Sultan,C,0.12833675564681724,NYC tier-C -> Casa tier-C (pop-share 12.83%)
203,C,11,Roches Noires,C,0.11293634496919917,NYC tier-C -> Casa tier-C (pop-share 11.29%)
54,C,1,Ain Chock,C,0.3839835728952772,NYC tier-C -> Casa tier-C (pop-share 38.40%)
54,C,6,Ben Msik,C,0.16940451745379878,NYC tier-C -> Casa tier-C (pop-share 16.94%)
54,C,7,Moulay Rachid,C,0.2053388090349076,NYC tier-C -> Casa tier-C (pop-share 20.53%)
54,C,10,Mers Sultan,C,0.12833675564681724,NYC tier-C -> Casa tier-C (pop-share 12.83%)
54,C,11,Roches Noires,C,0.11293634496919917,NYC tier-C -> Casa tier-C (pop-share 11.29%)
63,C,1,Ain Chock,C,0.3839835728952772,NYC tier-C -> Casa tier-C (pop-share 38.40%)
63,C,6,Ben Msik,C,0.16940451745379878,NYC tier-C -> Casa tier-C (pop-share 16.94%)
63,C,7,Moulay Rachid,C,0.2053388090349076,NYC tier-C -> Casa tier-C (pop-share 20.53%)
63,C,10,Mers Sultan,C,0.12833675564681724,NYC tier-C -> Casa tier-C (pop-share 12.83%)
63,C,11,Roches Noires,C,0.11293634496919917,NYC tier-C -> Casa tier-C (pop-share 11.29%)
35,C,1,Ain Chock,C,0.3839835728952772,NYC tier-C -> Casa tier-C (pop-share 38.40%)
35,C,6,Ben Msik,C,0.16940451745379878,NYC tier-C -> Casa tier-C (pop-share 16.94%)
35,C,7,Moulay Rachid,C,0.2053388090349076,NYC tier-C -> Casa tier-C (pop-share 20.53%)
35,C,10,Mers Sultan,C,0.12833675564681724,NYC tier-C -> Casa tier-C (pop-share 12.83%)
35,C,11,Roches Noires,C,0.11293634496919917,NYC tier-C -> Casa tier-C (pop-share 11.29%)
71,C,1,Ain Chock,C,0.3839835728952772,NYC tier-C -> Casa tier-C (pop-share 38.40%)
71,C,6,Ben Msik,C,0.16940451745379878,NYC tier-C -> Casa tier-C (pop-share 16.94%)
71,C,7,Moulay Rachid,C,0.2053388090349076,NYC tier-C -> Casa tier-C (pop-share 20.53%)
71,C,10,Mers Sultan,C,0.12833675564681724,NYC tier-C -> Casa tier-C (pop-share 12.83%)
71,C,11,Roches Noires,C,0.11293634496919917,NYC tier-C -> Casa tier-C (pop-share 11.29%)
173,C,1,Ain Chock,C,0.3839835728952772,NYC tier-C -> Casa tier-C (pop-share 38.40%)
173,C,6,Ben Msik,C,0.16940451745379878,NYC tier-C -> Casa tier-C (pop-share 16.94%)
173,C,7,Moulay Rachid,C,0.2053388090349076,NYC tier-C -> Casa tier-C (pop-share 20.53%)
173,C,10,Mers Sultan,C,0.12833675564681724,NYC tier-C -> Casa tier-C (pop-share 12.83%)
173,C,11,Roches Noires,C,0.11293634496919917,NYC tier-C -> Casa tier-C (pop-share 11.29%)
235,C,1,Ain Chock,C,0.3839835728952772,NYC tier-C -> Casa tier-C (pop-share 38.40%)
235,C,6,Ben Msik,C,0.16940451745379878,NYC tier-C -> Casa tier-C (pop-share 16.94%)
235,C,7,Moulay Rachid,C,0.2053388090349076,NYC tier-C -> Casa tier-C (pop-share 20.53%)
235,C,10,Mers Sultan,C,0.12833675564681724,NYC tier-C -> Casa tier-C (pop-share 12.83%)
235,C,11,Roches Noires,C,0.11293634496919917,NYC tier-C -> Casa tier-C (pop-share 11.29%)
242,C,1,Ain Chock,C,0.3839835728952772,NYC tier-C -> Casa tier-C (pop-share 38.40%)
242,C,6,Ben Msik,C,0.16940451745379878,NYC tier-C -> Casa tier-C (pop-share 16.94%)
242,C,7,Moulay Rachid,C,0.2053388090349076,NYC tier-C -> Casa tier-C (pop-share 20.53%)
242,C,10,Mers Sultan,C,0.12833675564681724,NYC tier-C -> Casa tier-C (pop-share 12.83%)
242,C,11,Roches Noires,C,0.11293634496919917,NYC tier-C -> Casa tier-C (pop-share 11.29%)
51,C,1,Ain Chock,C,0.3839835728952772,NYC tier-C -> Casa tier-C (pop-share 38.40%)
51,C,6,Ben Msik,C,0.16940451745379878,NYC tier-C -> Casa tier-C (pop-share 16.94%)
51,C,7,Moulay Rachid,C,0.2053388090349076,NYC tier-C -> Casa tier-C (pop-share 20.53%)
51,C,10,Mers Sultan,C,0.12833675564681724,NYC tier-C -> Casa tier-C (pop-share 12.83%)
51,C,11,Roches Noires,C,0.11293634496919917,NYC tier-C -> Casa tier-C (pop-share 11.29%)
139,C,1,Ain Chock,C,0.3839835728952772,NYC tier-C -> Casa tier-C (pop-share 38.40%)
139,C,6,Ben Msik,C,0.16940451745379878,NYC tier-C -> Casa tier-C (pop-share 16.94%)
139,C,7,Moulay Rachid,C,0.2053388090349076,NYC tier-C -> Casa tier-C (pop-share 20.53%)
139,C,10,Mers Sultan,C,0.12833675564681724,NYC tier-C -> Casa tier-C (pop-share 12.83%)
139,C,11,Roches Noires,C,0.11293634496919917,NYC tier-C -> Casa tier-C (pop-share 11.29%)
119,C,1,Ain Chock,C,0.3839835728952772,NYC tier-C -> Casa tier-C (pop-share 38.40%)
119,C,6,Ben Msik,C,0.16940451745379878,NYC tier-C -> Casa tier-C (pop-share 16.94%)
119,C,7,Moulay Rachid,C,0.2053388090349076,NYC tier-C -> Casa tier-C (pop-share 20.53%)
119,C,10,Mers Sultan,C,0.12833675564681724,NYC tier-C -> Casa tier-C (pop-share 12.83%)
119,C,11,Roches Noires,C,0.11293634496919917,NYC tier-C -> Casa tier-C (pop-share 11.29%)
252,C,1,Ain Chock,C,0.3839835728952772,NYC tier-C -> Casa tier-C (pop-share 38.40%)
252,C,6,Ben Msik,C,0.16940451745379878,NYC tier-C -> Casa tier-C (pop-share 16.94%)
252,C,7,Moulay Rachid,C,0.2053388090349076,NYC tier-C -> Casa tier-C (pop-share 20.53%)
252,C,10,Mers Sultan,C,0.12833675564681724,NYC tier-C -> Casa tier-C (pop-share 12.83%)
252,C,11,Roches Noires,C,0.11293634496919917,NYC tier-C -> Casa tier-C (pop-share 11.29%)
102,C,1,Ain Chock,C,0.3839835728952772,NYC tier-C -> Casa tier-C (pop-share 38.40%)
102,C,6,Ben Msik,C,0.16940451745379878,NYC tier-C -> Casa tier-C (pop-share 16.94%)
102,C,7,Moulay Rachid,C,0.2053388090349076,NYC tier-C -> Casa tier-C (pop-share 20.53%)
102,C,10,Mers Sultan,C,0.12833675564681724,NYC tier-C -> Casa tier-C (pop-share 12.83%)
102,C,11,Roches Noires,C,0.11293634496919917,NYC tier-C -> Casa tier-C (pop-share 11.29%)
86,C,1,Ain Chock,C,0.3839835728952772,NYC tier-C -> Casa tier-C (pop-share 38.40%)
86,C,6,Ben Msik,C,0.16940451745379878,NYC tier-C -> Casa tier-C (pop-share 16.94%)
86,C,7,Moulay Rachid,C,0.2053388090349076,NYC tier-C -> Casa tier-C (pop-share 20.53%)
86,C,10,Mers Sultan,C,0.12833675564681724,NYC tier-C -> Casa tier-C (pop-share 12.83%)
86,C,11,Roches Noires,C,0.11293634496919917,NYC tier-C -> Casa tier-C (pop-share 11.29%)
123,C,1,Ain Chock,C,0.3839835728952772,NYC tier-C -> Casa tier-C (pop-share 38.40%)
123,C,6,Ben Msik,C,0.16940451745379878,NYC tier-C -> Casa tier-C (pop-share 16.94%)
123,C,7,Moulay Rachid,C,0.2053388090349076,NYC tier-C -> Casa tier-C (pop-share 20.53%)
123,C,10,Mers Sultan,C,0.12833675564681724,NYC tier-C -> Casa tier-C (pop-share 12.83%)
123,C,11,Roches Noires,C,0.11293634496919917,NYC tier-C -> Casa tier-C (pop-share 11.29%)
85,C,1,Ain Chock,C,0.3839835728952772,NYC tier-C -> Casa tier-C (pop-share 38.40%)
85,C,6,Ben Msik,C,0.16940451745379878,NYC tier-C -> Casa tier-C (pop-share 16.94%)
85,C,7,Moulay Rachid,C,0.2053388090349076,NYC tier-C -> Casa tier-C (pop-share 20.53%)
85,C,10,Mers Sultan,C,0.12833675564681724,NYC tier-C -> Casa tier-C (pop-share 12.83%)
85,C,11,Roches Noires,C,0.11293634496919917,NYC tier-C -> Casa tier-C (pop-share 11.29%)
227,C,1,Ain Chock,C,0.3839835728952772,NYC tier-C -> Casa tier-C (pop-share 38.40%)
227,C,6,Ben Msik,C,0.16940451745379878,NYC tier-C -> Casa tier-C (pop-share 16.94%)
227,C,7,Moulay Rachid,C,0.2053388090349076,NYC tier-C -> Casa tier-C (pop-share 20.53%)
227,C,10,Mers Sultan,C,0.12833675564681724,NYC tier-C -> Casa tier-C (pop-share 12.83%)
227,C,11,Roches Noires,C,0.11293634496919917,NYC tier-C -> Casa tier-C (pop-share 11.29%)
210,C,1,Ain Chock,C,0.3839835728952772,NYC tier-C -> Casa tier-C (pop-share 38.40%)
210,C,6,Ben Msik,C,0.16940451745379878,NYC tier-C -> Casa tier-C (pop-share 16.94%)
210,C,7,Moulay Rachid,C,0.2053388090349076,NYC tier-C -> Casa tier-C (pop-share 20.53%)
210,C,10,Mers Sultan,C,0.12833675564681724,NYC tier-C -> Casa tier-C (pop-share 12.83%)
210,C,11,Roches Noires,C,0.11293634496919917,NYC tier-C -> Casa tier-C (pop-share 11.29%)
254,C,1,Ain Chock,C,0.3839835728952772,NYC tier-C -> Casa tier-C (pop-share 38.40%)
254,C,6,Ben Msik,C,0.16940451745379878,NYC tier-C -> Casa tier-C (pop-share 16.94%)
254,C,7,Moulay Rachid,C,0.2053388090349076,NYC tier-C -> Casa tier-C (pop-share 20.53%)
254,C,10,Mers Sultan,C,0.12833675564681724,NYC tier-C -> Casa tier-C (pop-share 12.83%)
254,C,11,Roches Noires,C,0.11293634496919917,NYC tier-C -> Casa tier-C (pop-share 11.29%)
16,C,1,Ain Chock,C,0.3839835728952772,NYC tier-C -> Casa tier-C (pop-share 38.40%)
16,C,6,Ben Msik,C,0.16940451745379878,NYC tier-C -> Casa tier-C (pop-share 16.94%)
16,C,7,Moulay Rachid,C,0.2053388090349076,NYC tier-C -> Casa tier-C (pop-share 20.53%)
16,C,10,Mers Sultan,C,0.12833675564681724,NYC tier-C -> Casa tier-C (pop-share 12.83%)
16,C,11,Roches Noires,C,0.11293634496919917,NYC tier-C -> Casa tier-C (pop-share 11.29%)
171,C,1,Ain Chock,C,0.3839835728952772,NYC tier-C -> Casa tier-C (pop-share 38.40%)
171,C,6,Ben Msik,C,0.16940451745379878,NYC tier-C -> Casa tier-C (pop-share 16.94%)
171,C,7,Moulay Rachid,C,0.2053388090349076,NYC tier-C -> Casa tier-C (pop-share 20.53%)
171,C,10,Mers Sultan,C,0.12833675564681724,NYC tier-C -> Casa tier-C (pop-share 12.83%)
171,C,11,Roches Noires,C,0.11293634496919917,NYC tier-C -> Casa tier-C (pop-share 11.29%)
22,C,1,Ain Chock,C,0.3839835728952772,NYC tier-C -> Casa tier-C (pop-share 38.40%)
22,C,6,Ben Msik,C,0.16940451745379878,NYC tier-C -> Casa tier-C (pop-share 16.94%)
22,C,7,Moulay Rachid,C,0.2053388090349076,NYC tier-C -> Casa tier-C (pop-share 20.53%)
22,C,10,Mers Sultan,C,0.12833675564681724,NYC tier-C -> Casa tier-C (pop-share 12.83%)
22,C,11,Roches Noires,C,0.11293634496919917,NYC tier-C -> Casa tier-C (pop-share 11.29%)
55,C,1,Ain Chock,C,0.3839835728952772,NYC tier-C -> Casa tier-C (pop-share 38.40%)
55,C,6,Ben Msik,C,0.16940451745379878,NYC tier-C -> Casa tier-C (pop-share 16.94%)
55,C,7,Moulay Rachid,C,0.2053388090349076,NYC tier-C -> Casa tier-C (pop-share 20.53%)
55,C,10,Mers Sultan,C,0.12833675564681724,NYC tier-C -> Casa tier-C (pop-share 12.83%)
55,C,11,Roches Noires,C,0.11293634496919917,NYC tier-C -> Casa tier-C (pop-share 11.29%)
241,C,1,Ain Chock,C,0.3839835728952772,NYC tier-C -> Casa tier-C (pop-share 38.40%)
241,C,6,Ben Msik,C,0.16940451745379878,NYC tier-C -> Casa tier-C (pop-share 16.94%)
241,C,7,Moulay Rachid,C,0.2053388090349076,NYC tier-C -> Casa tier-C (pop-share 20.53%)
241,C,10,Mers Sultan,C,0.12833675564681724,NYC tier-C -> Casa tier-C (pop-share 12.83%)
241,C,11,Roches Noires,C,0.11293634496919917,NYC tier-C -> Casa tier-C (pop-share 11.29%)
169,C,1,Ain Chock,C,0.3839835728952772,NYC tier-C -> Casa tier-C (pop-share 38.40%)
169,C,6,Ben Msik,C,0.16940451745379878,NYC tier-C -> Casa tier-C (pop-share 16.94%)
169,C,7,Moulay Rachid,C,0.2053388090349076,NYC tier-C -> Casa tier-C (pop-share 20.53%)
169,C,10,Mers Sultan,C,0.12833675564681724,NYC tier-C -> Casa tier-C (pop-share 12.83%)
169,C,11,Roches Noires,C,0.11293634496919917,NYC tier-C -> Casa tier-C (pop-share 11.29%)
167,D,12,Hay Mohammadi,D,0.26515151515151514,NYC tier-D -> Casa tier-D (pop-share 26.52%)
167,D,13,Anfa,D,0.14393939393939395,NYC tier-D -> Casa tier-D (pop-share 14.39%)
167,D,15,Ain Sebaa,D,0.2727272727272727,NYC tier-D -> Casa tier-D (pop-share 27.27%)
167,D,16,Sidi Bernoussi,D,0.3181818181818182,NYC tier-D -> Casa tier-D (pop-share 31.82%)
149,D,12,Hay Mohammadi,D,0.26515151515151514,NYC tier-D -> Casa tier-D (pop-share 26.52%)
149,D,13,Anfa,D,0.14393939393939395,NYC tier-D -> Casa tier-D (pop-share 14.39%)
149,D,15,Ain Sebaa,D,0.2727272727272727,NYC tier-D -> Casa tier-D (pop-share 27.27%)
149,D,16,Sidi Bernoussi,D,0.3181818181818182,NYC tier-D -> Casa tier-D (pop-share 31.82%)
18,D,12,Hay Mohammadi,D,0.26515151515151514,NYC tier-D -> Casa tier-D (pop-share 26.52%)
18,D,13,Anfa,D,0.14393939393939395,NYC tier-D -> Casa tier-D (pop-share 14.39%)
18,D,15,Ain Sebaa,D,0.2727272727272727,NYC tier-D -> Casa tier-D (pop-share 27.27%)
18,D,16,Sidi Bernoussi,D,0.3181818181818182,NYC tier-D -> Casa tier-D (pop-share 31.82%)
208,D,12,Hay Mohammadi,D,0.26515151515151514,NYC tier-D -> Casa tier-D (pop-share 26.52%)
208,D,13,Anfa,D,0.14393939393939395,NYC tier-D -> Casa tier-D (pop-share 14.39%)
208,D,15,Ain Sebaa,D,0.2727272727272727,NYC tier-D -> Casa tier-D (pop-share 27.27%)
208,D,16,Sidi Bernoussi,D,0.3181818181818182,NYC tier-D -> Casa tier-D (pop-share 31.82%)
174,D,12,Hay Mohammadi,D,0.26515151515151514,NYC tier-D -> Casa tier-D (pop-share 26.52%)
174,D,13,Anfa,D,0.14393939393939395,NYC tier-D -> Casa tier-D (pop-share 14.39%)
174,D,15,Ain Sebaa,D,0.2727272727272727,NYC tier-D -> Casa tier-D (pop-share 27.27%)
174,D,16,Sidi Bernoussi,D,0.3181818181818182,NYC tier-D -> Casa tier-D (pop-share 31.82%)
29,D,12,Hay Mohammadi,D,0.26515151515151514,NYC tier-D -> Casa tier-D (pop-share 26.52%)
29,D,13,Anfa,D,0.14393939393939395,NYC tier-D -> Casa tier-D (pop-share 14.39%)
29,D,15,Ain Sebaa,D,0.2727272727272727,NYC tier-D -> Casa tier-D (pop-share 27.27%)
29,D,16,Sidi Bernoussi,D,0.3181818181818182,NYC tier-D -> Casa tier-D (pop-share 31.82%)
182,D,12,Hay Mohammadi,D,0.26515151515151514,NYC tier-D -> Casa tier-D (pop-share 26.52%)
182,D,13,Anfa,D,0.14393939393939395,NYC tier-D -> Casa tier-D (pop-share 14.39%)
182,D,15,Ain Sebaa,D,0.2727272727272727,NYC tier-D -> Casa tier-D (pop-share 27.27%)
182,D,16,Sidi Bernoussi,D,0.3181818181818182,NYC tier-D -> Casa tier-D (pop-share 31.82%)
222,D,12,Hay Mohammadi,D,0.26515151515151514,NYC tier-D -> Casa tier-D (pop-share 26.52%)
222,D,13,Anfa,D,0.14393939393939395,NYC tier-D -> Casa tier-D (pop-share 14.39%)
222,D,15,Ain Sebaa,D,0.2727272727272727,NYC tier-D -> Casa tier-D (pop-share 27.27%)
222,D,16,Sidi Bernoussi,D,0.3181818181818182,NYC tier-D -> Casa tier-D (pop-share 31.82%)
259,D,12,Hay Mohammadi,D,0.26515151515151514,NYC tier-D -> Casa tier-D (pop-share 26.52%)
259,D,13,Anfa,D,0.14393939393939395,NYC tier-D -> Casa tier-D (pop-share 14.39%)
259,D,15,Ain Sebaa,D,0.2727272727272727,NYC tier-D -> Casa tier-D (pop-share 27.27%)
259,D,16,Sidi Bernoussi,D,0.3181818181818182,NYC tier-D -> Casa tier-D (pop-share 31.82%)
136,D,12,Hay Mohammadi,D,0.26515151515151514,NYC tier-D -> Casa tier-D (pop-share 26.52%)
136,D,13,Anfa,D,0.14393939393939395,NYC tier-D -> Casa tier-D (pop-share 14.39%)
136,D,15,Ain Sebaa,D,0.2727272727272727,NYC tier-D -> Casa tier-D (pop-share 27.27%)
136,D,16,Sidi Bernoussi,D,0.3181818181818182,NYC tier-D -> Casa tier-D (pop-share 31.82%)
180,D,12,Hay Mohammadi,D,0.26515151515151514,NYC tier-D -> Casa tier-D (pop-share 26.52%)
180,D,13,Anfa,D,0.14393939393939395,NYC tier-D -> Casa tier-D (pop-share 14.39%)
180,D,15,Ain Sebaa,D,0.2727272727272727,NYC tier-D -> Casa tier-D (pop-share 27.27%)
180,D,16,Sidi Bernoussi,D,0.3181818181818182,NYC tier-D -> Casa tier-D (pop-share 31.82%)
53,D,12,Hay Mohammadi,D,0.26515151515151514,NYC tier-D -> Casa tier-D (pop-share 26.52%)
53,D,13,Anfa,D,0.14393939393939395,NYC tier-D -> Casa tier-D (pop-share 14.39%)
53,D,15,Ain Sebaa,D,0.2727272727272727,NYC tier-D -> Casa tier-D (pop-share 27.27%)
53,D,16,Sidi Bernoussi,D,0.3181818181818182,NYC tier-D -> Casa tier-D (pop-share 31.82%)
78,D,12,Hay Mohammadi,D,0.26515151515151514,NYC tier-D -> Casa tier-D (pop-share 26.52%)
78,D,13,Anfa,D,0.14393939393939395,NYC tier-D -> Casa tier-D (pop-share 14.39%)
78,D,15,Ain Sebaa,D,0.2727272727272727,NYC tier-D -> Casa tier-D (pop-share 27.27%)
78,D,16,Sidi Bernoussi,D,0.3181818181818182,NYC tier-D -> Casa tier-D (pop-share 31.82%)
15,D,12,Hay Mohammadi,D,0.26515151515151514,NYC tier-D -> Casa tier-D (pop-share 26.52%)
15,D,13,Anfa,D,0.14393939393939395,NYC tier-D -> Casa tier-D (pop-share 14.39%)
15,D,15,Ain Sebaa,D,0.2727272727272727,NYC tier-D -> Casa tier-D (pop-share 27.27%)
15,D,16,Sidi Bernoussi,D,0.3181818181818182,NYC tier-D -> Casa tier-D (pop-share 31.82%)
190,D,12,Hay Mohammadi,D,0.26515151515151514,NYC tier-D -> Casa tier-D (pop-share 26.52%)
190,D,13,Anfa,D,0.14393939393939395,NYC tier-D -> Casa tier-D (pop-share 14.39%)
190,D,15,Ain Sebaa,D,0.2727272727272727,NYC tier-D -> Casa tier-D (pop-share 27.27%)
190,D,16,Sidi Bernoussi,D,0.3181818181818182,NYC tier-D -> Casa tier-D (pop-share 31.82%)
34,D,12,Hay Mohammadi,D,0.26515151515151514,NYC tier-D -> Casa tier-D (pop-share 26.52%)
34,D,13,Anfa,D,0.14393939393939395,NYC tier-D -> Casa tier-D (pop-share 14.39%)
34,D,15,Ain Sebaa,D,0.2727272727272727,NYC tier-D -> Casa tier-D (pop-share 27.27%)
34,D,16,Sidi Bernoussi,D,0.3181818181818182,NYC tier-D -> Casa tier-D (pop-share 31.82%)
185,D,12,Hay Mohammadi,D,0.26515151515151514,NYC tier-D -> Casa tier-D (pop-share 26.52%)
185,D,13,Anfa,D,0.14393939393939395,NYC tier-D -> Casa tier-D (pop-share 14.39%)
185,D,15,Ain Sebaa,D,0.2727272727272727,NYC tier-D -> Casa tier-D (pop-share 27.27%)
185,D,16,Sidi Bernoussi,D,0.3181818181818182,NYC tier-D -> Casa tier-D (pop-share 31.82%)
67,D,12,Hay Mohammadi,D,0.26515151515151514,NYC tier-D -> Casa tier-D (pop-share 26.52%)
67,D,13,Anfa,D,0.14393939393939395,NYC tier-D -> Casa tier-D (pop-share 14.39%)
67,D,15,Ain Sebaa,D,0.2727272727272727,NYC tier-D -> Casa tier-D (pop-share 27.27%)
67,D,16,Sidi Bernoussi,D,0.3181818181818182,NYC tier-D -> Casa tier-D (pop-share 31.82%)
64,D,12,Hay Mohammadi,D,0.26515151515151514,NYC tier-D -> Casa tier-D (pop-share 26.52%)
64,D,13,Anfa,D,0.14393939393939395,NYC tier-D -> Casa tier-D (pop-share 14.39%)
64,D,15,Ain Sebaa,D,0.2727272727272727,NYC tier-D -> Casa tier-D (pop-share 27.27%)
64,D,16,Sidi Bernoussi,D,0.3181818181818182,NYC tier-D -> Casa tier-D (pop-share 31.82%)
21,D,12,Hay Mohammadi,D,0.26515151515151514,NYC tier-D -> Casa tier-D (pop-share 26.52%)
21,D,13,Anfa,D,0.14393939393939395,NYC tier-D -> Casa tier-D (pop-share 14.39%)
21,D,15,Ain Sebaa,D,0.2727272727272727,NYC tier-D -> Casa tier-D (pop-share 27.27%)
21,D,16,Sidi Bernoussi,D,0.3181818181818182,NYC tier-D -> Casa tier-D (pop-share 31.82%)
98,D,12,Hay Mohammadi,D,0.26515151515151514,NYC tier-D -> Casa tier-D (pop-share 26.52%)
98,D,13,Anfa,D,0.14393939393939395,NYC tier-D -> Casa tier-D (pop-share 14.39%)
98,D,15,Ain Sebaa,D,0.2727272727272727,NYC tier-D -> Casa tier-D (pop-share 27.27%)
98,D,16,Sidi Bernoussi,D,0.3181818181818182,NYC tier-D -> Casa tier-D (pop-share 31.82%)
19,D,12,Hay Mohammadi,D,0.26515151515151514,NYC tier-D -> Casa tier-D (pop-share 26.52%)
19,D,13,Anfa,D,0.14393939393939395,NYC tier-D -> Casa tier-D (pop-share 14.39%)
19,D,15,Ain Sebaa,D,0.2727272727272727,NYC tier-D -> Casa tier-D (pop-share 27.27%)
19,D,16,Sidi Bernoussi,D,0.3181818181818182,NYC tier-D -> Casa tier-D (pop-share 31.82%)
117,D,12,Hay Mohammadi,D,0.26515151515151514,NYC tier-D -> Casa tier-D (pop-share 26.52%)
117,D,13,Anfa,D,0.14393939393939395,NYC tier-D -> Casa tier-D (pop-share 14.39%)
117,D,15,Ain Sebaa,D,0.2727272727272727,NYC tier-D -> Casa tier-D (pop-share 27.27%)
117,D,16,Sidi Bernoussi,D,0.3181818181818182,NYC tier-D -> Casa tier-D (pop-share 31.82%)
192,D,12,Hay Mohammadi,D,0.26515151515151514,NYC tier-D -> Casa tier-D (pop-share 26.52%)
192,D,13,Anfa,D,0.14393939393939395,NYC tier-D -> Casa tier-D (pop-share 14.39%)
192,D,15,Ain Sebaa,D,0.2727272727272727,NYC tier-D -> Casa tier-D (pop-share 27.27%)
192,D,16,Sidi Bernoussi,D,0.3181818181818182,NYC tier-D -> Casa tier-D (pop-share 31.82%)
47,D,12,Hay Mohammadi,D,0.26515151515151514,NYC tier-D -> Casa tier-D (pop-share 26.52%)
47,D,13,Anfa,D,0.14393939393939395,NYC tier-D -> Casa tier-D (pop-share 14.39%)
47,D,15,Ain Sebaa,D,0.2727272727272727,NYC tier-D -> Casa tier-D (pop-share 27.27%)
47,D,16,Sidi Bernoussi,D,0.3181818181818182,NYC tier-D -> Casa tier-D (pop-share 31.82%)
77,D,12,Hay Mohammadi,D,0.26515151515151514,NYC tier-D -> Casa tier-D (pop-share 26.52%)
77,D,13,Anfa,D,0.14393939393939395,NYC tier-D -> Casa tier-D (pop-share 14.39%)
77,D,15,Ain Sebaa,D,0.2727272727272727,NYC tier-D -> Casa tier-D (pop-share 27.27%)
77,D,16,Sidi Bernoussi,D,0.3181818181818182,NYC tier-D -> Casa tier-D (pop-share 31.82%)
175,D,12,Hay Mohammadi,D,0.26515151515151514,NYC tier-D -> Casa tier-D (pop-share 26.52%)
175,D,13,Anfa,D,0.14393939393939395,NYC tier-D -> Casa tier-D (pop-share 14.39%)
175,D,15,Ain Sebaa,D,0.2727272727272727,NYC tier-D -> Casa tier-D (pop-share 27.27%)
175,D,16,Sidi Bernoussi,D,0.3181818181818182,NYC tier-D -> Casa tier-D (pop-share 31.82%)
20,D,12,Hay Mohammadi,D,0.26515151515151514,NYC tier-D -> Casa tier-D (pop-share 26.52%)
20,D,13,Anfa,D,0.14393939393939395,NYC tier-D -> Casa tier-D (pop-share 14.39%)
20,D,15,Ain Sebaa,D,0.2727272727272727,NYC tier-D -> Casa tier-D (pop-share 27.27%)
20,D,16,Sidi Bernoussi,D,0.3181818181818182,NYC tier-D -> Casa tier-D (pop-share 31.82%)
250,D,12,Hay Mohammadi,D,0.26515151515151514,NYC tier-D -> Casa tier-D (pop-share 26.52%)
250,D,13,Anfa,D,0.14393939393939395,NYC tier-D -> Casa tier-D (pop-share 14.39%)
250,D,15,Ain Sebaa,D,0.2727272727272727,NYC tier-D -> Casa tier-D (pop-share 27.27%)
250,D,16,Sidi Bernoussi,D,0.3181818181818182,NYC tier-D -> Casa tier-D (pop-share 31.82%)
201,D,12,Hay Mohammadi,D,0.26515151515151514,NYC tier-D -> Casa tier-D (pop-share 26.52%)
201,D,13,Anfa,D,0.14393939393939395,NYC tier-D -> Casa tier-D (pop-share 14.39%)
201,D,15,Ain Sebaa,D,0.2727272727272727,NYC tier-D -> Casa tier-D (pop-share 27.27%)
201,D,16,Sidi Bernoussi,D,0.3181818181818182,NYC tier-D -> Casa tier-D (pop-share 31.82%)
108,D,12,Hay Mohammadi,D,0.26515151515151514,NYC tier-D -> Casa tier-D (pop-share 26.52%)
108,D,13,Anfa,D,0.14393939393939395,NYC tier-D -> Casa tier-D (pop-share 14.39%)
108,D,15,Ain Sebaa,D,0.2727272727272727,NYC tier-D -> Casa tier-D (pop-share 27.27%)
108,D,16,Sidi Bernoussi,D,0.3181818181818182,NYC tier-D -> Casa tier-D (pop-share 31.82%)
248,D,12,Hay Mohammadi,D,0.26515151515151514,NYC tier-D -> Casa tier-D (pop-share 26.52%)
248,D,13,Anfa,D,0.14393939393939395,NYC tier-D -> Casa tier-D (pop-share 14.39%)
248,D,15,Ain Sebaa,D,0.2727272727272727,NYC tier-D -> Casa tier-D (pop-share 27.27%)
248,D,16,Sidi Bernoussi,D,0.3181818181818182,NYC tier-D -> Casa tier-D (pop-share 31.82%)
101,D,12,Hay Mohammadi,D,0.26515151515151514,NYC tier-D -> Casa tier-D (pop-share 26.52%)
101,D,13,Anfa,D,0.14393939393939395,NYC tier-D -> Casa tier-D (pop-share 14.39%)
101,D,15,Ain Sebaa,D,0.2727272727272727,NYC tier-D -> Casa tier-D (pop-share 27.27%)
101,D,16,Sidi Bernoussi,D,0.3181818181818182,NYC tier-D -> Casa tier-D (pop-share 31.82%)
126,D,12,Hay Mohammadi,D,0.26515151515151514,NYC tier-D -> Casa tier-D (pop-share 26.52%)
126,D,13,Anfa,D,0.14393939393939395,NYC tier-D -> Casa tier-D (pop-share 14.39%)
126,D,15,Ain Sebaa,D,0.2727272727272727,NYC tier-D -> Casa tier-D (pop-share 27.27%)
126,D,16,Sidi Bernoussi,D,0.3181818181818182,NYC tier-D -> Casa tier-D (pop-share 31.82%)
147,D,12,Hay Mohammadi,D,0.26515151515151514,NYC tier-D -> Casa tier-D (pop-share 26.52%)
147,D,13,Anfa,D,0.14393939393939395,NYC tier-D -> Casa tier-D (pop-share 14.39%)
147,D,15,Ain Sebaa,D,0.2727272727272727,NYC tier-D -> Casa tier-D (pop-share 27.27%)
147,D,16,Sidi Bernoussi,D,0.3181818181818182,NYC tier-D -> Casa tier-D (pop-share 31.82%)
212,D,12,Hay Mohammadi,D,0.26515151515151514,NYC tier-D -> Casa tier-D (pop-share 26.52%)
212,D,13,Anfa,D,0.14393939393939395,NYC tier-D -> Casa tier-D (pop-share 14.39%)
212,D,15,Ain Sebaa,D,0.2727272727272727,NYC tier-D -> Casa tier-D (pop-share 27.27%)
212,D,16,Sidi Bernoussi,D,0.3181818181818182,NYC tier-D -> Casa tier-D (pop-share 31.82%)
178,D,12,Hay Mohammadi,D,0.26515151515151514,NYC tier-D -> Casa tier-D (pop-share 26.52%)
178,D,13,Anfa,D,0.14393939393939395,NYC tier-D -> Casa tier-D (pop-share 14.39%)
178,D,15,Ain Sebaa,D,0.2727272727272727,NYC tier-D -> Casa tier-D (pop-share 27.27%)
178,D,16,Sidi Bernoussi,D,0.3181818181818182,NYC tier-D -> Casa tier-D (pop-share 31.82%)
9,D,12,Hay Mohammadi,D,0.26515151515151514,NYC tier-D -> Casa tier-D (pop-share 26.52%)
9,D,13,Anfa,D,0.14393939393939395,NYC tier-D -> Casa tier-D (pop-share 14.39%)
9,D,15,Ain Sebaa,D,0.2727272727272727,NYC tier-D -> Casa tier-D (pop-share 27.27%)
9,D,16,Sidi Bernoussi,D,0.3181818181818182,NYC tier-D -> Casa tier-D (pop-share 31.82%)
32,D,12,Hay Mohammadi,D,0.26515151515151514,NYC tier-D -> Casa tier-D (pop-share 26.52%)
32,D,13,Anfa,D,0.14393939393939395,NYC tier-D -> Casa tier-D (pop-share 14.39%)
32,D,15,Ain Sebaa,D,0.2727272727272727,NYC tier-D -> Casa tier-D (pop-share 27.27%)
32,D,16,Sidi Bernoussi,D,0.3181818181818182,NYC tier-D -> Casa tier-D (pop-share 31.82%)
81,D,12,Hay Mohammadi,D,0.26515151515151514,NYC tier-D -> Casa tier-D (pop-share 26.52%)
81,D,13,Anfa,D,0.14393939393939395,NYC tier-D -> Casa tier-D (pop-share 14.39%)
81,D,15,Ain Sebaa,D,0.2727272727272727,NYC tier-D -> Casa tier-D (pop-share 27.27%)
81,D,16,Sidi Bernoussi,D,0.3181818181818182,NYC tier-D -> Casa tier-D (pop-share 31.82%)
194,D,12,Hay Mohammadi,D,0.26515151515151514,NYC tier-D -> Casa tier-D (pop-share 26.52%)
194,D,13,Anfa,D,0.14393939393939395,NYC tier-D -> Casa tier-D (pop-share 14.39%)
194,D,15,Ain Sebaa,D,0.2727272727272727,NYC tier-D -> Casa tier-D (pop-share 27.27%)
194,D,16,Sidi Bernoussi,D,0.3181818181818182,NYC tier-D -> Casa tier-D (pop-share 31.82%)
122,D,12,Hay Mohammadi,D,0.26515151515151514,NYC tier-D -> Casa tier-D (pop-share 26.52%)
122,D,13,Anfa,D,0.14393939393939395,NYC tier-D -> Casa tier-D (pop-share 14.39%)
122,D,15,Ain Sebaa,D,0.2727272727272727,NYC tier-D -> Casa tier-D (pop-share 27.27%)
122,D,16,Sidi Bernoussi,D,0.3181818181818182,NYC tier-D -> Casa tier-D (pop-share 31.82%)
3,D,12,Hay Mohammadi,D,0.26515151515151514,NYC tier-D -> Casa tier-D (pop-share 26.52%)
3,D,13,Anfa,D,0.14393939393939395,NYC tier-D -> Casa tier-D (pop-share 14.39%)
3,D,15,Ain Sebaa,D,0.2727272727272727,NYC tier-D -> Casa tier-D (pop-share 27.27%)
3,D,16,Sidi Bernoussi,D,0.3181818181818182,NYC tier-D -> Casa tier-D (pop-share 31.82%)
94,D,12,Hay Mohammadi,D,0.26515151515151514,NYC tier-D -> Casa tier-D (pop-share 26.52%)
94,D,13,Anfa,D,0.14393939393939395,NYC tier-D -> Casa tier-D (pop-share 14.39%)
94,D,15,Ain Sebaa,D,0.2727272727272727,NYC tier-D -> Casa tier-D (pop-share 27.27%)
94,D,16,Sidi Bernoussi,D,0.3181818181818182,NYC tier-D -> Casa tier-D (pop-share 31.82%)
150,D,12,Hay Mohammadi,D,0.26515151515151514,NYC tier-D -> Casa tier-D (pop-share 26.52%)
150,D,13,Anfa,D,0.14393939393939395,NYC tier-D -> Casa tier-D (pop-share 14.39%)
150,D,15,Ain Sebaa,D,0.2727272727272727,NYC tier-D -> Casa tier-D (pop-share 27.27%)
150,D,16,Sidi Bernoussi,D,0.3181818181818182,NYC tier-D -> Casa tier-D (pop-share 31.82%)
11,D,12,Hay Mohammadi,D,0.26515151515151514,NYC tier-D -> Casa tier-D (pop-share 26.52%)
11,D,13,Anfa,D,0.14393939393939395,NYC tier-D -> Casa tier-D (pop-share 14.39%)
11,D,15,Ain Sebaa,D,0.2727272727272727,NYC tier-D -> Casa tier-D (pop-share 27.27%)
11,D,16,Sidi Bernoussi,D,0.3181818181818182,NYC tier-D -> Casa tier-D (pop-share 31.82%)
73,D,12,Hay Mohammadi,D,0.26515151515151514,NYC tier-D -> Casa tier-D (pop-share 26.52%)
73,D,13,Anfa,D,0.14393939393939395,NYC tier-D -> Casa tier-D (pop-share 14.39%)
73,D,15,Ain Sebaa,D,0.2727272727272727,NYC tier-D -> Casa tier-D (pop-share 27.27%)
73,D,16,Sidi Bernoussi,D,0.3181818181818182,NYC tier-D -> Casa tier-D (pop-share 31.82%)
154,D,12,Hay Mohammadi,D,0.26515151515151514,NYC tier-D -> Casa tier-D (pop-share 26.52%)
154,D,13,Anfa,D,0.14393939393939395,NYC tier-D -> Casa tier-D (pop-share 14.39%)
154,D,15,Ain Sebaa,D,0.2727272727272727,NYC tier-D -> Casa tier-D (pop-share 27.27%)
154,D,16,Sidi Bernoussi,D,0.3181818181818182,NYC tier-D -> Casa tier-D (pop-share 31.82%)
60,D,12,Hay Mohammadi,D,0.26515151515151514,NYC tier-D -> Casa tier-D (pop-share 26.52%)
60,D,13,Anfa,D,0.14393939393939395,NYC tier-D -> Casa tier-D (pop-share 14.39%)
60,D,15,Ain Sebaa,D,0.2727272727272727,NYC tier-D -> Casa tier-D (pop-share 27.27%)
60,D,16,Sidi Bernoussi,D,0.3181818181818182,NYC tier-D -> Casa tier-D (pop-share 31.82%)
23,D,12,Hay Mohammadi,D,0.26515151515151514,NYC tier-D -> Casa tier-D (pop-share 26.52%)
23,D,13,Anfa,D,0.14393939393939395,NYC tier-D -> Casa tier-D (pop-share 14.39%)
23,D,15,Ain Sebaa,D,0.2727272727272727,NYC tier-D -> Casa tier-D (pop-share 27.27%)
23,D,16,Sidi Bernoussi,D,0.3181818181818182,NYC tier-D -> Casa tier-D (pop-share 31.82%)
128,D,12,Hay Mohammadi,D,0.26515151515151514,NYC tier-D -> Casa tier-D (pop-share 26.52%)
128,D,13,Anfa,D,0.14393939393939395,NYC tier-D -> Casa tier-D (pop-share 14.39%)
128,D,15,Ain Sebaa,D,0.2727272727272727,NYC tier-D -> Casa tier-D (pop-share 27.27%)
128,D,16,Sidi Bernoussi,D,0.3181818181818182,NYC tier-D -> Casa tier-D (pop-share 31.82%)
153,D,12,Hay Mohammadi,D,0.26515151515151514,NYC tier-D -> Casa tier-D (pop-share 26.52%)
153,D,13,Anfa,D,0.14393939393939395,NYC tier-D -> Casa tier-D (pop-share 14.39%)
153,D,15,Ain Sebaa,D,0.2727272727272727,NYC tier-D -> Casa tier-D (pop-share 27.27%)
153,D,16,Sidi Bernoussi,D,0.3181818181818182,NYC tier-D -> Casa tier-D (pop-share 31.82%)
31,D,12,Hay Mohammadi,D,0.26515151515151514,NYC tier-D -> Casa tier-D (pop-share 26.52%)
31,D,13,Anfa,D,0.14393939393939395,NYC tier-D -> Casa tier-D (pop-share 14.39%)
31,D,15,Ain Sebaa,D,0.2727272727272727,NYC tier-D -> Casa tier-D (pop-share 27.27%)
31,D,16,Sidi Bernoussi,D,0.3181818181818182,NYC tier-D -> Casa tier-D (pop-share 31.82%)
120,D,12,Hay Mohammadi,D,0.26515151515151514,NYC tier-D -> Casa tier-D (pop-share 26.52%)
120,D,13,Anfa,D,0.14393939393939395,NYC tier-D -> Casa tier-D (pop-share 14.39%)
120,D,15,Ain Sebaa,D,0.2727272727272727,NYC tier-D -> Casa tier-D (pop-share 27.27%)
120,D,16,Sidi Bernoussi,D,0.3181818181818182,NYC tier-D -> Casa tier-D (pop-share 31.82%)
183,D,12,Hay Mohammadi,D,0.26515151515151514,NYC tier-D -> Casa tier-D (pop-share 26.52%)
183,D,13,Anfa,D,0.14393939393939395,NYC tier-D -> Casa tier-D (pop-share 14.39%)
183,D,15,Ain Sebaa,D,0.2727272727272727,NYC tier-D -> Casa tier-D (pop-share 27.27%)
183,D,16,Sidi Bernoussi,D,0.3181818181818182,NYC tier-D -> Casa tier-D (pop-share 31.82%)
96,D,12,Hay Mohammadi,D,0.26515151515151514,NYC tier-D -> Casa tier-D (pop-share 26.52%)
96,D,13,Anfa,D,0.14393939393939395,NYC tier-D -> Casa tier-D (pop-share 14.39%)
96,D,15,Ain Sebaa,D,0.2727272727272727,NYC tier-D -> Casa tier-D (pop-share 27.27%)
96,D,16,Sidi Bernoussi,D,0.3181818181818182,NYC tier-D -> Casa tier-D (pop-share 31.82%)
240,D,12,Hay Mohammadi,D,0.26515151515151514,NYC tier-D -> Casa tier-D (pop-share 26.52%)
240,D,13,Anfa,D,0.14393939393939395,NYC tier-D -> Casa tier-D (pop-share 14.39%)
240,D,15,Ain Sebaa,D,0.2727272727272727,NYC tier-D -> Casa tier-D (pop-share 27.27%)
240,D,16,Sidi Bernoussi,D,0.3181818181818182,NYC tier-D -> Casa tier-D (pop-share 31.82%)
5,D,12,Hay Mohammadi,D,0.26515151515151514,NYC tier-D -> Casa tier-D (pop-share 26.52%)
5,D,13,Anfa,D,0.14393939393939395,NYC tier-D -> Casa tier-D (pop-share 14.39%)
5,D,15,Ain Sebaa,D,0.2727272727272727,NYC tier-D -> Casa tier-D (pop-share 27.27%)
5,D,16,Sidi Bernoussi,D,0.3181818181818182,NYC tier-D -> Casa tier-D (pop-share 31.82%)
207,D,12,Hay Mohammadi,D,0.26515151515151514,NYC tier-D -> Casa tier-D (pop-share 26.52%)
207,D,13,Anfa,D,0.14393939393939395,NYC tier-D -> Casa tier-D (pop-share 14.39%)
207,D,15,Ain Sebaa,D,0.2727272727272727,NYC tier-D -> Casa tier-D (pop-share 27.27%)
207,D,16,Sidi Bernoussi,D,0.3181818181818182,NYC tier-D -> Casa tier-D (pop-share 31.82%)
58,D,12,Hay Mohammadi,D,0.26515151515151514,NYC tier-D -> Casa tier-D (pop-share 26.52%)
58,D,13,Anfa,D,0.14393939393939395,NYC tier-D -> Casa tier-D (pop-share 14.39%)
58,D,15,Ain Sebaa,D,0.2727272727272727,NYC tier-D -> Casa tier-D (pop-share 27.27%)
58,D,16,Sidi Bernoussi,D,0.3181818181818182,NYC tier-D -> Casa tier-D (pop-share 31.82%)
44,D,12,Hay Mohammadi,D,0.26515151515151514,NYC tier-D -> Casa tier-D (pop-share 26.52%)
44,D,13,Anfa,D,0.14393939393939395,NYC tier-D -> Casa tier-D (pop-share 14.39%)
44,D,15,Ain Sebaa,D,0.2727272727272727,NYC tier-D -> Casa tier-D (pop-share 27.27%)
44,D,16,Sidi Bernoussi,D,0.3181818181818182,NYC tier-D -> Casa tier-D (pop-share 31.82%)
118,D,12,Hay Mohammadi,D,0.26515151515151514,NYC tier-D -> Casa tier-D (pop-share 26.52%)
118,D,13,Anfa,D,0.14393939393939395,NYC tier-D -> Casa tier-D (pop-share 14.39%)
118,D,15,Ain Sebaa,D,0.2727272727272727,NYC tier-D -> Casa tier-D (pop-share 27.27%)
118,D,16,Sidi Bernoussi,D,0.3181818181818182,NYC tier-D -> Casa tier-D (pop-share 31.82%)
46,D,12,Hay Mohammadi,D,0.26515151515151514,NYC tier-D -> Casa tier-D (pop-share 26.52%)
46,D,13,Anfa,D,0.14393939393939395,NYC tier-D -> Casa tier-D (pop-share 14.39%)
46,D,15,Ain Sebaa,D,0.2727272727272727,NYC tier-D -> Casa tier-D (pop-share 27.27%)
46,D,16,Sidi Bernoussi,D,0.3181818181818182,NYC tier-D -> Casa tier-D (pop-share 31.82%)
214,D,12,Hay Mohammadi,D,0.26515151515151514,NYC tier-D -> Casa tier-D (pop-share 26.52%)
214,D,13,Anfa,D,0.14393939393939395,NYC tier-D -> Casa tier-D (pop-share 14.39%)
214,D,15,Ain Sebaa,D,0.2727272727272727,NYC tier-D -> Casa tier-D (pop-share 27.27%)
214,D,16,Sidi Bernoussi,D,0.3181818181818182,NYC tier-D -> Casa tier-D (pop-share 31.82%)
206,D,12,Hay Mohammadi,D,0.26515151515151514,NYC tier-D -> Casa tier-D (pop-share 26.52%)
206,D,13,Anfa,D,0.14393939393939395,NYC tier-D -> Casa tier-D (pop-share 14.39%)
206,D,15,Ain Sebaa,D,0.2727272727272727,NYC tier-D -> Casa tier-D (pop-share 27.27%)
206,D,16,Sidi Bernoussi,D,0.3181818181818182,NYC tier-D -> Casa tier-D (pop-share 31.82%)
221,D,12,Hay Mohammadi,D,0.26515151515151514,NYC tier-D -> Casa tier-D (pop-share 26.52%)
221,D,13,Anfa,D,0.14393939393939395,NYC tier-D -> Casa tier-D (pop-share 14.39%)
221,D,15,Ain Sebaa,D,0.2727272727272727,NYC tier-D -> Casa tier-D (pop-share 27.27%)
221,D,16,Sidi Bernoussi,D,0.3181818181818182,NYC tier-D -> Casa tier-D (pop-share 31.82%)
8,D,12,Hay Mohammadi,D,0.26515151515151514,NYC tier-D -> Casa tier-D (pop-share 26.52%)
8,D,13,Anfa,D,0.14393939393939395,NYC tier-D -> Casa tier-D (pop-share 14.39%)
8,D,15,Ain Sebaa,D,0.2727272727272727,NYC tier-D -> Casa tier-D (pop-share 27.27%)
8,D,16,Sidi Bernoussi,D,0.3181818181818182,NYC tier-D -> Casa tier-D (pop-share 31.82%)
57,D,12,Hay Mohammadi,D,0.26515151515151514,NYC tier-D -> Casa tier-D (pop-share 26.52%)
57,D,13,Anfa,D,0.14393939393939395,NYC tier-D -> Casa tier-D (pop-share 14.39%)
57,D,15,Ain Sebaa,D,0.2727272727272727,NYC tier-D -> Casa tier-D (pop-share 27.27%)
57,D,16,Sidi Bernoussi,D,0.3181818181818182,NYC tier-D -> Casa tier-D (pop-share 31.82%)
251,E,5,Sbata,E,1.0,NYC tier-E -> Casa tier-E (pop-share 100.00%)
6,E,5,Sbata,E,1.0,NYC tier-E -> Casa tier-E (pop-share 100.00%)
27,E,5,Sbata,E,1.0,NYC tier-E -> Casa tier-E (pop-share 100.00%)
115,E,5,Sbata,E,1.0,NYC tier-E -> Casa tier-E (pop-share 100.00%)
253,E,5,Sbata,E,1.0,NYC tier-E -> Casa tier-E (pop-share 100.00%)
156,E,5,Sbata,E,1.0,NYC tier-E -> Casa tier-E (pop-share 100.00%)
245,E,5,Sbata,E,1.0,NYC tier-E -> Casa tier-E (pop-share 100.00%)
172,E,5,Sbata,E,1.0,NYC tier-E -> Casa tier-E (pop-share 100.00%)
30,E,5,Sbata,E,1.0,NYC tier-E -> Casa tier-E (pop-share 100.00%)
111,E,5,Sbata,E,1.0,NYC tier-E -> Casa tier-E (pop-share 100.00%)
109,E,5,Sbata,E,1.0,NYC tier-E -> Casa tier-E (pop-share 100.00%)
184,E,5,Sbata,E,1.0,NYC tier-E -> Casa tier-E (pop-share 100.00%)
176,E,5,Sbata,E,1.0,NYC tier-E -> Casa tier-E (pop-share 100.00%)
84,E,5,Sbata,E,1.0,NYC tier-E -> Casa tier-E (pop-share 100.00%)
59,E,5,Sbata,E,1.0,NYC tier-E -> Casa tier-E (pop-share 100.00%)
187,E,5,Sbata,E,1.0,NYC tier-E -> Casa tier-E (pop-share 100.00%)
204,E,5,Sbata,E,1.0,NYC tier-E -> Casa tier-E (pop-share 100.00%)
2,E,5,Sbata,E,1.0,NYC tier-E -> Casa tier-E (pop-share 100.00%)
99,E,5,Sbata,E,1.0,NYC tier-E -> Casa tier-E (pop-share 100.00%)
105,E,5,Sbata,E,1.0,NYC tier-E -> Casa tier-E (pop-share 100.00%)
199,E,5,Sbata,E,1.0,NYC tier-E -> Casa tier-E (pop-share 100.00%)
